mesure,indicateur,id_indicateur,code_region,libelle_region,valeur_actuelle,date_valeur_actuelle,valeur_initiale,date_valeur_initiale,progression,pourcentage_progression,cible,pourcentage_cible,date_cible,unite
Assurer une bonne couverture en internet fixe et en téléphonie mobile pour tous les Français d'ici 2022,Taux de déploiement de la fibre,taux-deploiement-fibre,75,Nouvelle-Aquitaine,55.0,2021-09-30,18.0,2017-12-31,37.0,206.0,,,,% de déploiement
Déployer une offre France Services dans tous les territoires ,Nombre de labellisations (atteinte de l'objectif fixé),nb-labellisations-france-services,75,Nouvelle-Aquitaine,270.0,2022-03-31,53.0,2020-01-31,217.0,409.0,309.0,85.0,2022-12-31,labellisations
Redynamiser les cœurs de ville,Nombre de logements rénovés dans les petites villes (- de 20 000 habitants),nb-logements-renoves-petites-villes,75,Nouvelle-Aquitaine,1735.0,2021-11-30,0.0,2020-09-30,1735.0,,,,,logements rénovés
Redynamiser les cœurs de ville,Nombre de logements ayant bénéficié d'un accompagnement (réhabilitation ou subvention),nb-logement-accompagnement,75,Nouvelle-Aquitaine,7600.0,2021-12-31,0.0,2019-12-31,7600.0,,,,,logements
Redynamiser les cœurs de ville,Nombre de logements rénovés dans les villes moyennes (+ de 20 000 habitants),nb-logement-accompagnement,75,Nouvelle-Aquitaine,7600.0,2021-12-31,0.0,2019-12-31,7600.0,,,,,logements rénovés
