mesure,indicateur,id_indicateur,code_region,libelle_region,valeur_actuelle,date_valeur_actuelle,valeur_initiale,date_valeur_initiale,progression,pourcentage_progression,cible,pourcentage_cible,date_cible,unite
Assurer une bonne couverture en internet fixe et en téléphonie mobile pour tous les Français d'ici 2022,Taux de déploiement de la fibre,taux-deploiement-fibre,32,Hauts-de-France,86.0,2021-09-30,22.0,2017-12-31,64.0,291.0,,,,% de déploiement
Déployer une offre France services dans tous les territoires ,Nombre de labellisations (atteinte de l'objectif fixé),nb-labellisations-france-services,32,Hauts-de-France,142.0,2022-03-31,31.0,2020-01-31,111.0,358.0,176.0,77.0,2022-12-31,labellisations
Redynamiser les cœurs de ville,Nombre de logements rénovés dans les petites villes (- de 20 000 habitants),nb-logements-renoves-petites-villes,32,Hauts-de-France,868.0,2022-02-28,0.0,2020-09-30,868.0,,,,,logements rénovés
Redynamiser les cœurs de ville,Nombre de logements ayant bénéficié d'un accompagnement (réhabilitation ou subvention),nb-logement-accompagnement,32,Hauts-de-France,7965.0,2022-02-28,0.0,2019-12-31,7965.0,,7920.0,100.0,2022-12-31,logements
Redynamiser les cœurs de ville,Nombre de logements rénovés dans les villes moyennes (+ de 20 000 habitants),nb-logement-accompagnement,32,Hauts-de-France,7965.0,2022-02-28,0.0,2019-12-31,7965.0,,7920.0,100.0,2022-12-31,logements rénovés
