mesure,indicateur,id_indicateur,code_departement,libelle_departement,date,valeur,unite
Simplifier l’accès aux droits des personnes handicapées,Durée moyenne de traitement pour les demandes d’allocation adulte handicapé,duree-moyenne-traitement-demandes-allocation-adulte-handicape,24,Dordogne,2017-12-31,4.0,mois de traitement
Simplifier l’accès aux droits des personnes handicapées,Durée moyenne de traitement pour les demandes d’allocation adulte handicapé,duree-moyenne-traitement-demandes-allocation-adulte-handicape,24,Dordogne,2018-12-31,4.0,mois de traitement
Simplifier l’accès aux droits des personnes handicapées,Durée moyenne de traitement pour les demandes d’allocation adulte handicapé,duree-moyenne-traitement-demandes-allocation-adulte-handicape,24,Dordogne,2019-12-31,4.9,mois de traitement
Simplifier l’accès aux droits des personnes handicapées,Durée moyenne de traitement pour les demandes d’allocation adulte handicapé,duree-moyenne-traitement-demandes-allocation-adulte-handicape,24,Dordogne,2020-09-30,7.3,mois de traitement
Supprimer la taxe d’habitation sur les résidences principales,Nombre de bénéficiaires totalement exonérés,nb-beneficiaires-suppression-taxe-habitation,24,Dordogne,2018-12-31,43813.0,bénéficiaires
Supprimer la taxe d’habitation sur les résidences principales,Nombre de bénéficiaires totalement exonérés,nb-beneficiaires-suppression-taxe-habitation,24,Dordogne,2019-12-31,44392.0,bénéficiaires
Supprimer la taxe d’habitation sur les résidences principales,Nombre de bénéficiaires totalement exonérés,nb-beneficiaires-suppression-taxe-habitation,24,Dordogne,2020-12-31,165369.0,bénéficiaires
Déployer Parcoursup ,Taux de réussite aux examens de licence 1,tx-reussite-examens,24,Dordogne,2017-10-31,43.0,% de réussite
Déployer Parcoursup ,Taux de réussite aux examens de licence 1,tx-reussite-examens,24,Dordogne,2019-10-31,45.0,% de réussite
Renforcer la sécurité du quotidien,Nombre d’heures de patrouille de voie publique,nb-heures-patrouille,24,Dordogne,2020-01-31,36985.0,heures de patrouille dans l'année
Renforcer la sécurité du quotidien,Nombre d’heures de patrouille de voie publique,nb-heures-patrouille,24,Dordogne,2020-02-29,37079.0,heures de patrouille dans l'année
Renforcer la sécurité du quotidien,Nombre d’heures de patrouille de voie publique,nb-heures-patrouille,24,Dordogne,2020-03-31,40758.0,heures de patrouille dans l'année
Renforcer la sécurité du quotidien,Nombre d’heures de patrouille de voie publique,nb-heures-patrouille,24,Dordogne,2020-04-30,48477.0,heures de patrouille dans l'année
Renforcer la sécurité du quotidien,Nombre d’heures de patrouille de voie publique,nb-heures-patrouille,24,Dordogne,2020-05-31,43060.0,heures de patrouille dans l'année
Renforcer la sécurité du quotidien,Nombre d’heures de patrouille de voie publique,nb-heures-patrouille,24,Dordogne,2020-06-30,38170.0,heures de patrouille dans l'année
Renforcer la sécurité du quotidien,Nombre d’heures de patrouille de voie publique,nb-heures-patrouille,24,Dordogne,2020-07-31,35865.0,heures de patrouille dans l'année
Renforcer la sécurité du quotidien,Nombre d’heures de patrouille de voie publique,nb-heures-patrouille,24,Dordogne,2020-08-31,34504.0,heures de patrouille dans l'année
Renforcer la sécurité du quotidien,Nombre d’heures de patrouille de voie publique,nb-heures-patrouille,24,Dordogne,2020-09-30,37120.0,heures de patrouille dans l'année
Renforcer la sécurité du quotidien,Nombre d’heures de patrouille de voie publique,nb-heures-patrouille,24,Dordogne,2020-10-31,38992.0,heures de patrouille dans l'année
Assurer une bonne couverture en internet fixe et en téléphonie mobile pour tous les Français d'ici 2022,Taux de déploiement de la fibre,taux-deploiement-fibre,24,Dordogne,2017-12-31,2.0,% de déploiement
Assurer une bonne couverture en internet fixe et en téléphonie mobile pour tous les Français d'ici 2022,Taux de déploiement de la fibre,taux-deploiement-fibre,24,Dordogne,2018-03-31,3.0,% de déploiement
Assurer une bonne couverture en internet fixe et en téléphonie mobile pour tous les Français d'ici 2022,Taux de déploiement de la fibre,taux-deploiement-fibre,24,Dordogne,2018-06-30,3.0,% de déploiement
Assurer une bonne couverture en internet fixe et en téléphonie mobile pour tous les Français d'ici 2022,Taux de déploiement de la fibre,taux-deploiement-fibre,24,Dordogne,2018-09-30,4.0,% de déploiement
Assurer une bonne couverture en internet fixe et en téléphonie mobile pour tous les Français d'ici 2022,Taux de déploiement de la fibre,taux-deploiement-fibre,24,Dordogne,2018-12-31,4.0,% de déploiement
Assurer une bonne couverture en internet fixe et en téléphonie mobile pour tous les Français d'ici 2022,Taux de déploiement de la fibre,taux-deploiement-fibre,24,Dordogne,2019-03-31,5.0,% de déploiement
Assurer une bonne couverture en internet fixe et en téléphonie mobile pour tous les Français d'ici 2022,Taux de déploiement de la fibre,taux-deploiement-fibre,24,Dordogne,2019-06-30,6.0,% de déploiement
Assurer une bonne couverture en internet fixe et en téléphonie mobile pour tous les Français d'ici 2022,Taux de déploiement de la fibre,taux-deploiement-fibre,24,Dordogne,2019-09-30,6.0,% de déploiement
Assurer une bonne couverture en internet fixe et en téléphonie mobile pour tous les Français d'ici 2022,Taux de déploiement de la fibre,taux-deploiement-fibre,24,Dordogne,2019-12-31,8.0,% de déploiement
Assurer une bonne couverture en internet fixe et en téléphonie mobile pour tous les Français d'ici 2022,Taux de déploiement de la fibre,taux-deploiement-fibre,24,Dordogne,2020-03-31,9.0,% de déploiement
Assurer une bonne couverture en internet fixe et en téléphonie mobile pour tous les Français d'ici 2022,Taux de déploiement de la fibre,taux-deploiement-fibre,24,Dordogne,2020-06-30,10.0,% de déploiement
Offrir un logement aux sans-abri : Logement d’abord,Nombre de personnes sans-abri ou en hébergement ayant obtenu un logement social,logement-sans-domicile-hebergement-urgence,24,Dordogne,2018-06-30,9.0,personnes dans l'année
Offrir un logement aux sans-abri : Logement d’abord,Nombre de personnes sans-abri ou en hébergement ayant obtenu un logement social,logement-sans-domicile-hebergement-urgence,24,Dordogne,2018-07-31,4.0,personnes dans l'année
Offrir un logement aux sans-abri : Logement d’abord,Nombre de personnes sans-abri ou en hébergement ayant obtenu un logement social,logement-sans-domicile-hebergement-urgence,24,Dordogne,2018-08-31,2.0,personnes dans l'année
Offrir un logement aux sans-abri : Logement d’abord,Nombre de personnes sans-abri ou en hébergement ayant obtenu un logement social,logement-sans-domicile-hebergement-urgence,24,Dordogne,2018-09-30,7.0,personnes dans l'année
Offrir un logement aux sans-abri : Logement d’abord,Nombre de personnes sans-abri ou en hébergement ayant obtenu un logement social,logement-sans-domicile-hebergement-urgence,24,Dordogne,2018-10-31,18.0,personnes dans l'année
Offrir un logement aux sans-abri : Logement d’abord,Nombre de personnes sans-abri ou en hébergement ayant obtenu un logement social,logement-sans-domicile-hebergement-urgence,24,Dordogne,2018-11-30,6.0,personnes dans l'année
Offrir un logement aux sans-abri : Logement d’abord,Nombre de personnes sans-abri ou en hébergement ayant obtenu un logement social,logement-sans-domicile-hebergement-urgence,24,Dordogne,2018-12-31,7.0,personnes dans l'année
Offrir un logement aux sans-abri : Logement d’abord,Nombre de personnes sans-abri ou en hébergement ayant obtenu un logement social,logement-sans-domicile-hebergement-urgence,24,Dordogne,2019-01-31,11.0,personnes dans l'année
Offrir un logement aux sans-abri : Logement d’abord,Nombre de personnes sans-abri ou en hébergement ayant obtenu un logement social,logement-sans-domicile-hebergement-urgence,24,Dordogne,2019-02-28,2.0,personnes dans l'année
Offrir un logement aux sans-abri : Logement d’abord,Nombre de personnes sans-abri ou en hébergement ayant obtenu un logement social,logement-sans-domicile-hebergement-urgence,24,Dordogne,2019-03-31,9.0,personnes dans l'année
Offrir un logement aux sans-abri : Logement d’abord,Nombre de personnes sans-abri ou en hébergement ayant obtenu un logement social,logement-sans-domicile-hebergement-urgence,24,Dordogne,2019-04-30,7.0,personnes dans l'année
Offrir un logement aux sans-abri : Logement d’abord,Nombre de personnes sans-abri ou en hébergement ayant obtenu un logement social,logement-sans-domicile-hebergement-urgence,24,Dordogne,2019-05-31,2.0,personnes dans l'année
Offrir un logement aux sans-abri : Logement d’abord,Nombre de personnes sans-abri ou en hébergement ayant obtenu un logement social,logement-sans-domicile-hebergement-urgence,24,Dordogne,2019-06-30,13.0,personnes dans l'année
Offrir un logement aux sans-abri : Logement d’abord,Nombre de personnes sans-abri ou en hébergement ayant obtenu un logement social,logement-sans-domicile-hebergement-urgence,24,Dordogne,2019-07-31,13.0,personnes dans l'année
Offrir un logement aux sans-abri : Logement d’abord,Nombre de personnes sans-abri ou en hébergement ayant obtenu un logement social,logement-sans-domicile-hebergement-urgence,24,Dordogne,2019-08-31,13.0,personnes dans l'année
Offrir un logement aux sans-abri : Logement d’abord,Nombre de personnes sans-abri ou en hébergement ayant obtenu un logement social,logement-sans-domicile-hebergement-urgence,24,Dordogne,2019-09-30,5.0,personnes dans l'année
Offrir un logement aux sans-abri : Logement d’abord,Nombre de personnes sans-abri ou en hébergement ayant obtenu un logement social,logement-sans-domicile-hebergement-urgence,24,Dordogne,2019-10-31,24.0,personnes dans l'année
Offrir un logement aux sans-abri : Logement d’abord,Nombre de personnes sans-abri ou en hébergement ayant obtenu un logement social,logement-sans-domicile-hebergement-urgence,24,Dordogne,2019-11-30,2.0,personnes dans l'année
Offrir un logement aux sans-abri : Logement d’abord,Nombre de personnes sans-abri ou en hébergement ayant obtenu un logement social,logement-sans-domicile-hebergement-urgence,24,Dordogne,2019-12-31,24.0,personnes dans l'année
Offrir un logement aux sans-abri : Logement d’abord,Nombre de personnes sans-abri ou en hébergement ayant obtenu un logement social,logement-sans-domicile-hebergement-urgence,24,Dordogne,2020-01-31,9.0,personnes dans l'année
Offrir un logement aux sans-abri : Logement d’abord,Nombre de personnes sans-abri ou en hébergement ayant obtenu un logement social,logement-sans-domicile-hebergement-urgence,24,Dordogne,2020-02-29,9.0,personnes dans l'année
Offrir un logement aux sans-abri : Logement d’abord,Nombre de personnes sans-abri ou en hébergement ayant obtenu un logement social,logement-sans-domicile-hebergement-urgence,24,Dordogne,2020-03-31,2.0,personnes dans l'année
Offrir un logement aux sans-abri : Logement d’abord,Nombre de personnes sans-abri ou en hébergement ayant obtenu un logement social,logement-sans-domicile-hebergement-urgence,24,Dordogne,2020-04-30,2.0,personnes dans l'année
Offrir un logement aux sans-abri : Logement d’abord,Nombre de personnes sans-abri ou en hébergement ayant obtenu un logement social,logement-sans-domicile-hebergement-urgence,24,Dordogne,2020-05-31,4.0,personnes dans l'année
Offrir un logement aux sans-abri : Logement d’abord,Nombre de personnes sans-abri ou en hébergement ayant obtenu un logement social,logement-sans-domicile-hebergement-urgence,24,Dordogne,2020-06-30,3.0,personnes dans l'année
Offrir un logement aux sans-abri : Logement d’abord,Nombre de personnes sans-abri ou en hébergement ayant obtenu un logement social,logement-sans-domicile-hebergement-urgence,24,Dordogne,2020-07-31,2.0,personnes dans l'année
Offrir un logement aux sans-abri : Logement d’abord,Nombre de personnes sans-abri ou en hébergement ayant obtenu un logement social,logement-sans-domicile-hebergement-urgence,24,Dordogne,2020-08-31,6.0,personnes dans l'année
Offrir un logement aux sans-abri : Logement d’abord,Nombre de personnes sans-abri ou en hébergement ayant obtenu un logement social,logement-sans-domicile-hebergement-urgence,24,Dordogne,2020-09-30,18.0,personnes dans l'année
"Proposer une offre de lunettes, appareils auditifs et prothèses dentaires remboursée à 100%",Part des équipements/soins 100% santé dans le total des soins dentaires,tx-equipements-dentaire,24,Dordogne,2019-04-30,35.56,%
"Proposer une offre de lunettes, appareils auditifs et prothèses dentaires remboursée à 100%",Part des équipements/soins 100% santé dans le total des soins dentaires,tx-equipements-dentaire,24,Dordogne,2019-05-31,47.35,%
"Proposer une offre de lunettes, appareils auditifs et prothèses dentaires remboursée à 100%",Part des équipements/soins 100% santé dans le total des soins dentaires,tx-equipements-dentaire,24,Dordogne,2019-06-30,49.66,%
"Proposer une offre de lunettes, appareils auditifs et prothèses dentaires remboursée à 100%",Part des équipements/soins 100% santé dans le total des soins dentaires,tx-equipements-dentaire,24,Dordogne,2019-07-31,49.58,%
"Proposer une offre de lunettes, appareils auditifs et prothèses dentaires remboursée à 100%",Part des équipements/soins 100% santé dans le total des soins dentaires,tx-equipements-dentaire,24,Dordogne,2019-08-31,50.63,%
"Proposer une offre de lunettes, appareils auditifs et prothèses dentaires remboursée à 100%",Part des équipements/soins 100% santé dans le total des soins dentaires,tx-equipements-dentaire,24,Dordogne,2019-09-30,49.37,%
"Proposer une offre de lunettes, appareils auditifs et prothèses dentaires remboursée à 100%",Part des équipements/soins 100% santé dans le total des soins dentaires,tx-equipements-dentaire,24,Dordogne,2019-10-31,48.29,%
"Proposer une offre de lunettes, appareils auditifs et prothèses dentaires remboursée à 100%",Part des équipements/soins 100% santé dans le total des soins dentaires,tx-equipements-dentaire,24,Dordogne,2019-11-30,48.84,%
"Proposer une offre de lunettes, appareils auditifs et prothèses dentaires remboursée à 100%",Part des équipements/soins 100% santé dans le total des soins dentaires,tx-equipements-dentaire,24,Dordogne,2019-12-31,46.94,%
"Proposer une offre de lunettes, appareils auditifs et prothèses dentaires remboursée à 100%",Part des équipements/soins 100% santé dans le total des soins dentaires,tx-equipements-dentaire,24,Dordogne,2020-01-31,54.12,%
"Proposer une offre de lunettes, appareils auditifs et prothèses dentaires remboursée à 100%",Part des équipements/soins 100% santé dans le total des soins dentaires,tx-equipements-dentaire,24,Dordogne,2020-02-29,55.83,%
"Proposer une offre de lunettes, appareils auditifs et prothèses dentaires remboursée à 100%",Part des équipements/soins 100% santé dans le total des soins dentaires,tx-equipements-dentaire,24,Dordogne,2020-03-31,59.68,%
"Proposer une offre de lunettes, appareils auditifs et prothèses dentaires remboursée à 100%",Part des équipements/soins 100% santé dans le total des soins dentaires,tx-equipements-dentaire,24,Dordogne,2020-04-30,47.49,%
"Proposer une offre de lunettes, appareils auditifs et prothèses dentaires remboursée à 100%",Part des équipements/soins 100% santé dans le total des soins dentaires,tx-equipements-dentaire,24,Dordogne,2020-05-31,58.84,%
"Proposer une offre de lunettes, appareils auditifs et prothèses dentaires remboursée à 100%",Part des équipements/soins 100% santé dans le total des soins dentaires,tx-equipements-dentaire,24,Dordogne,2020-06-30,60.63,%
"Proposer une offre de lunettes, appareils auditifs et prothèses dentaires remboursée à 100%",Part des équipements/soins 100% santé dans le total des soins dentaires,tx-equipements-dentaire,24,Dordogne,2020-07-31,61.0,%
"Proposer une offre de lunettes, appareils auditifs et prothèses dentaires remboursée à 100%",Part des équipements/soins 100% santé dans le total des soins dentaires,tx-equipements-dentaire,24,Dordogne,2020-08-31,62.46,%
"Proposer une offre de lunettes, appareils auditifs et prothèses dentaires remboursée à 100%",Part des équipements/soins 100% santé dans le total des soins dentaires,tx-equipements-dentaire,24,Dordogne,2020-09-30,60.86,%
"Proposer une offre de lunettes, appareils auditifs et prothèses dentaires remboursée à 100%",Part des équipements/soins auditives 100% santé dans le total des soins,tx-equipements-audio,24,Dordogne,2019-01-31,12.39,%
"Proposer une offre de lunettes, appareils auditifs et prothèses dentaires remboursée à 100%",Part des équipements/soins auditives 100% santé dans le total des soins,tx-equipements-audio,24,Dordogne,2019-02-28,21.34,%
"Proposer une offre de lunettes, appareils auditifs et prothèses dentaires remboursée à 100%",Part des équipements/soins auditives 100% santé dans le total des soins,tx-equipements-audio,24,Dordogne,2019-03-31,14.71,%
"Proposer une offre de lunettes, appareils auditifs et prothèses dentaires remboursée à 100%",Part des équipements/soins auditives 100% santé dans le total des soins,tx-equipements-audio,24,Dordogne,2019-04-30,22.12,%
"Proposer une offre de lunettes, appareils auditifs et prothèses dentaires remboursée à 100%",Part des équipements/soins auditives 100% santé dans le total des soins,tx-equipements-audio,24,Dordogne,2019-05-31,16.77,%
"Proposer une offre de lunettes, appareils auditifs et prothèses dentaires remboursée à 100%",Part des équipements/soins auditives 100% santé dans le total des soins,tx-equipements-audio,24,Dordogne,2019-06-30,18.39,%
"Proposer une offre de lunettes, appareils auditifs et prothèses dentaires remboursée à 100%",Part des équipements/soins auditives 100% santé dans le total des soins,tx-equipements-audio,24,Dordogne,2019-07-31,12.14,%
"Proposer une offre de lunettes, appareils auditifs et prothèses dentaires remboursée à 100%",Part des équipements/soins auditives 100% santé dans le total des soins,tx-equipements-audio,24,Dordogne,2019-08-31,11.53,%
"Proposer une offre de lunettes, appareils auditifs et prothèses dentaires remboursée à 100%",Part des équipements/soins auditives 100% santé dans le total des soins,tx-equipements-audio,24,Dordogne,2019-09-30,20.72,%
"Proposer une offre de lunettes, appareils auditifs et prothèses dentaires remboursée à 100%",Part des équipements/soins auditives 100% santé dans le total des soins,tx-equipements-audio,24,Dordogne,2019-10-31,13.72,%
"Proposer une offre de lunettes, appareils auditifs et prothèses dentaires remboursée à 100%",Part des équipements/soins auditives 100% santé dans le total des soins,tx-equipements-audio,24,Dordogne,2019-11-30,16.52,%
"Proposer une offre de lunettes, appareils auditifs et prothèses dentaires remboursée à 100%",Part des équipements/soins auditives 100% santé dans le total des soins,tx-equipements-audio,24,Dordogne,2019-12-31,12.88,%
"Proposer une offre de lunettes, appareils auditifs et prothèses dentaires remboursée à 100%",Part des équipements/soins auditives 100% santé dans le total des soins,tx-equipements-audio,24,Dordogne,2020-01-31,13.3,%
"Proposer une offre de lunettes, appareils auditifs et prothèses dentaires remboursée à 100%",Part des équipements/soins auditives 100% santé dans le total des soins,tx-equipements-audio,24,Dordogne,2020-02-29,17.24,%
"Proposer une offre de lunettes, appareils auditifs et prothèses dentaires remboursée à 100%",Part des équipements/soins auditives 100% santé dans le total des soins,tx-equipements-audio,24,Dordogne,2020-03-31,19.16,%
"Proposer une offre de lunettes, appareils auditifs et prothèses dentaires remboursée à 100%",Part des équipements/soins auditives 100% santé dans le total des soins,tx-equipements-audio,24,Dordogne,2020-04-30,30.43,%
"Proposer une offre de lunettes, appareils auditifs et prothèses dentaires remboursée à 100%",Part des équipements/soins auditives 100% santé dans le total des soins,tx-equipements-audio,24,Dordogne,2020-05-31,16.0,%
"Proposer une offre de lunettes, appareils auditifs et prothèses dentaires remboursée à 100%",Part des équipements/soins auditives 100% santé dans le total des soins,tx-equipements-audio,24,Dordogne,2020-06-30,17.07,%
"Proposer une offre de lunettes, appareils auditifs et prothèses dentaires remboursée à 100%",Part des équipements/soins auditives 100% santé dans le total des soins,tx-equipements-audio,24,Dordogne,2020-07-31,17.84,%
"Proposer une offre de lunettes, appareils auditifs et prothèses dentaires remboursée à 100%",Part des équipements/soins auditives 100% santé dans le total des soins,tx-equipements-audio,24,Dordogne,2020-08-31,14.91,%
"Proposer une offre de lunettes, appareils auditifs et prothèses dentaires remboursée à 100%",Part des équipements/soins auditives 100% santé dans le total des soins,tx-equipements-audio,24,Dordogne,2020-09-30,9.11,%
"Proposer une offre de lunettes, appareils auditifs et prothèses dentaires remboursée à 100%",Part des équipements/soins auditives 100% santé dans le total des soins,tx-equipements-audio,24,Dordogne,2020-10-31,13.07,%
"Proposer une offre de lunettes, appareils auditifs et prothèses dentaires remboursée à 100%",Part des équipements/soins 100% santé dans le total des soins optiques,tx-equipements-optique,24,Dordogne,2020-01-31,12.32,%
"Proposer une offre de lunettes, appareils auditifs et prothèses dentaires remboursée à 100%",Part des équipements/soins 100% santé dans le total des soins optiques,tx-equipements-optique,24,Dordogne,2020-02-29,11.12,%
"Proposer une offre de lunettes, appareils auditifs et prothèses dentaires remboursée à 100%",Part des équipements/soins 100% santé dans le total des soins optiques,tx-equipements-optique,24,Dordogne,2020-03-31,9.49,%
"Proposer une offre de lunettes, appareils auditifs et prothèses dentaires remboursée à 100%",Part des équipements/soins 100% santé dans le total des soins optiques,tx-equipements-optique,24,Dordogne,2020-04-30,7.43,%
"Proposer une offre de lunettes, appareils auditifs et prothèses dentaires remboursée à 100%",Part des équipements/soins 100% santé dans le total des soins optiques,tx-equipements-optique,24,Dordogne,2020-05-31,10.74,%
"Proposer une offre de lunettes, appareils auditifs et prothèses dentaires remboursée à 100%",Part des équipements/soins 100% santé dans le total des soins optiques,tx-equipements-optique,24,Dordogne,2020-06-30,8.9,%
"Proposer une offre de lunettes, appareils auditifs et prothèses dentaires remboursée à 100%",Part des équipements/soins 100% santé dans le total des soins optiques,tx-equipements-optique,24,Dordogne,2020-07-31,9.68,%
"Proposer une offre de lunettes, appareils auditifs et prothèses dentaires remboursée à 100%",Part des équipements/soins 100% santé dans le total des soins optiques,tx-equipements-optique,24,Dordogne,2020-08-31,9.16,%
"Proposer une offre de lunettes, appareils auditifs et prothèses dentaires remboursée à 100%",Part des équipements/soins 100% santé dans le total des soins optiques,tx-equipements-optique,24,Dordogne,2020-09-30,10.51,%
"Proposer une offre de lunettes, appareils auditifs et prothèses dentaires remboursée à 100%",Part des équipements/soins 100% santé dans le total des soins optiques,tx-equipements-optique,24,Dordogne,2020-10-31,9.47,%
Mettre en œuvre la sortie du plastique à usage unique et lutter contre le gaspillage,Nombre de Français qui peuvent mettre tous les emballages dans le bac jaune,nb-francais-emballages-bac-jaune,24,Dordogne,2017-06-30,390000.0,habitants
Mettre en œuvre la sortie du plastique à usage unique et lutter contre le gaspillage,Nombre de Français qui peuvent mettre tous les emballages dans le bac jaune,nb-francais-emballages-bac-jaune,24,Dordogne,2017-12-31,390000.0,habitants
Mettre en œuvre la sortie du plastique à usage unique et lutter contre le gaspillage,Nombre de Français qui peuvent mettre tous les emballages dans le bac jaune,nb-francais-emballages-bac-jaune,24,Dordogne,2018-06-30,390000.0,habitants
Mettre en œuvre la sortie du plastique à usage unique et lutter contre le gaspillage,Nombre de Français qui peuvent mettre tous les emballages dans le bac jaune,nb-francais-emballages-bac-jaune,24,Dordogne,2018-12-31,390000.0,habitants
Mettre en œuvre la sortie du plastique à usage unique et lutter contre le gaspillage,Nombre de Français qui peuvent mettre tous les emballages dans le bac jaune,nb-francais-emballages-bac-jaune,24,Dordogne,2019-06-30,400000.0,habitants
Mettre en œuvre la sortie du plastique à usage unique et lutter contre le gaspillage,Nombre de Français qui peuvent mettre tous les emballages dans le bac jaune,nb-francais-emballages-bac-jaune,24,Dordogne,2019-12-31,400000.0,habitants
Mettre en œuvre la sortie du plastique à usage unique et lutter contre le gaspillage,Nombre de Français qui peuvent mettre tous les emballages dans le bac jaune,nb-francais-emballages-bac-jaune,24,Dordogne,2020-06-30,410000.0,habitants
Verdir le parc automobile,Nombre de primes à la conversion et de bonus écologiques,nb-primes-conversion,24,Dordogne,2018-03-31,110.0,primes et bonus
Verdir le parc automobile,Nombre de primes à la conversion et de bonus écologiques,nb-primes-conversion,24,Dordogne,2018-06-30,594.0,primes et bonus
Verdir le parc automobile,Nombre de primes à la conversion et de bonus écologiques,nb-primes-conversion,24,Dordogne,2018-09-30,1397.0,primes et bonus
Verdir le parc automobile,Nombre de primes à la conversion et de bonus écologiques,nb-primes-conversion,24,Dordogne,2018-12-31,2300.0,primes et bonus
Verdir le parc automobile,Nombre de primes à la conversion et de bonus écologiques,nb-primes-conversion,24,Dordogne,2019-03-31,3241.0,primes et bonus
Verdir le parc automobile,Nombre de primes à la conversion et de bonus écologiques,nb-primes-conversion,24,Dordogne,2019-06-30,4252.0,primes et bonus
Verdir le parc automobile,Nombre de primes à la conversion et de bonus écologiques,nb-primes-conversion,24,Dordogne,2019-09-30,5215.0,primes et bonus
Verdir le parc automobile,Nombre de primes à la conversion et de bonus écologiques,nb-primes-conversion,24,Dordogne,2019-12-31,5823.0,primes et bonus
Verdir le parc automobile,Nombre de primes à la conversion et de bonus écologiques,nb-primes-conversion,24,Dordogne,2020-03-31,6119.0,primes et bonus
Verdir le parc automobile,Nombre de primes à la conversion et de bonus écologiques,nb-primes-conversion,24,Dordogne,2020-06-30,6286.0,primes et bonus
Verdir le parc automobile,Nombre de primes à la conversion et de bonus écologiques,nb-primes-conversion,24,Dordogne,2020-09-30,7062.0,primes et bonus
Déployer le plan vélo,Kilomètres d'aménagements cyclables sécurisés,km-amenagement-cyclables-securises,24,Dordogne,2017-12-31,179.0,kilomètres
Déployer le plan vélo,Kilomètres d'aménagements cyclables sécurisés,km-amenagement-cyclables-securises,24,Dordogne,2018-12-31,193.0,kilomètres
Déployer le plan vélo,Kilomètres d'aménagements cyclables sécurisés,km-amenagement-cyclables-securises,24,Dordogne,2019-12-31,199.0,kilomètres
Déployer le plan vélo,Kilomètres d'aménagements cyclables sécurisés,km-amenagement-cyclables-securises,24,Dordogne,2020-09-30,249.0,kilomètres
Déployer une offre France Services dans tous les territoires ,Nombre de labellisations (atteinte de l'objectif fixé),nb-labellisations-france-services,24,Dordogne,2020-01-31,7.0,labellisations
Déployer une offre France Services dans tous les territoires ,Nombre de labellisations (atteinte de l'objectif fixé),nb-labellisations-france-services,24,Dordogne,2020-02-29,7.0,labellisations
Déployer une offre France Services dans tous les territoires ,Nombre de labellisations (atteinte de l'objectif fixé),nb-labellisations-france-services,24,Dordogne,2020-03-31,7.0,labellisations
Déployer une offre France Services dans tous les territoires ,Nombre de labellisations (atteinte de l'objectif fixé),nb-labellisations-france-services,24,Dordogne,2020-04-30,7.0,labellisations
Déployer une offre France Services dans tous les territoires ,Nombre de labellisations (atteinte de l'objectif fixé),nb-labellisations-france-services,24,Dordogne,2020-05-31,7.0,labellisations
Déployer une offre France Services dans tous les territoires ,Nombre de labellisations (atteinte de l'objectif fixé),nb-labellisations-france-services,24,Dordogne,2020-06-30,7.0,labellisations
Déployer une offre France Services dans tous les territoires ,Nombre de labellisations (atteinte de l'objectif fixé),nb-labellisations-france-services,24,Dordogne,2020-07-31,7.0,labellisations
Déployer une offre France Services dans tous les territoires ,Nombre de labellisations (atteinte de l'objectif fixé),nb-labellisations-france-services,24,Dordogne,2020-08-31,7.0,labellisations
Déployer une offre France Services dans tous les territoires ,Nombre de labellisations (atteinte de l'objectif fixé),nb-labellisations-france-services,24,Dordogne,2020-09-30,9.0,labellisations
Déployer une offre France Services dans tous les territoires ,Nombre de labellisations (atteinte de l'objectif fixé),nb-labellisations-france-services,24,Dordogne,2020-10-31,9.0,labellisations
Déployer une offre France Services dans tous les territoires ,Nombre de labellisations (atteinte de l'objectif fixé),nb-labellisations-france-services,24,Dordogne,2020-11-30,9.0,labellisations
Améliorer la qualité du service rendu à l’usager,Part des lieux d’accueil du public qui publient leurs résultats,tx-transparence-resultats,24,Dordogne,2017-12-31,13.0,% de réseaux
Améliorer la qualité du service rendu à l’usager,Part des lieux d’accueil du public qui publient leurs résultats,tx-transparence-resultats,24,Dordogne,2018-12-31,60.0,% de réseaux
Améliorer la qualité du service rendu à l’usager,Part des lieux d’accueil du public qui publient leurs résultats,tx-transparence-resultats,24,Dordogne,2019-12-31,67.0,% de réseaux
Développer l’apprentissage,Nombre de contrats d’apprentissage,nombre-contrats-apprentissage,24,Dordogne,2017-12-31,1906.0,contrats
Développer l’apprentissage,Nombre de contrats d’apprentissage,nombre-contrats-apprentissage,24,Dordogne,2018-12-31,2016.0,contrats
Développer l’apprentissage,Nombre de contrats d’apprentissage,nombre-contrats-apprentissage,24,Dordogne,2019-12-31,2148.0,contrats
Allonger le congé paternité pour un meilleur développement de l’enfant,Nombre de pères / conjoints prenant un congé de paternité et d’accueil de l’enfant,nb-peres-conge-paternite,24,Dordogne,2019-03-31,336.0,pères dans l'année
Allonger le congé paternité pour un meilleur développement de l’enfant,Nombre de pères / conjoints prenant un congé de paternité et d’accueil de l’enfant,nb-peres-conge-paternite,24,Dordogne,2019-06-30,301.0,pères dans l'année
Allonger le congé paternité pour un meilleur développement de l’enfant,Nombre de pères / conjoints prenant un congé de paternité et d’accueil de l’enfant,nb-peres-conge-paternite,24,Dordogne,2019-09-30,397.0,pères dans l'année
Allonger le congé paternité pour un meilleur développement de l’enfant,Nombre de pères / conjoints prenant un congé de paternité et d’accueil de l’enfant,nb-peres-conge-paternite,24,Dordogne,2019-12-31,333.0,pères dans l'année
Allonger le congé paternité pour un meilleur développement de l’enfant,Nombre de pères / conjoints prenant un congé de paternité et d’accueil de l’enfant,nb-peres-conge-paternite,24,Dordogne,2020-03-31,311.0,pères dans l'année
Allonger le congé paternité pour un meilleur développement de l’enfant,Nombre de pères / conjoints prenant un congé de paternité et d’accueil de l’enfant,nb-peres-conge-paternite,24,Dordogne,2020-06-30,277.0,pères dans l'année
"Limiter les classes à 24 en grande section, CP, CE1","Part des classes de GS, CP ou CE1 ayant un effectif inférieur ou égal à 24 élèves",tx-classes-cp-ce1,24,Dordogne,2019-09-30,86.0,% des classes
"Limiter les classes à 24 en grande section, CP, CE1","Part des classes de GS, CP ou CE1 ayant un effectif inférieur ou égal à 24 élèves",tx-classes-cp-ce1,24,Dordogne,2020-09-30,91.0,% des classes
Doubler le nombre de maisons de santé,Nombre de maisons de santé pluri-professionnelles,nb-maisons-sante,24,Dordogne,2017-06-30,17.0,maisons de santé
Doubler le nombre de maisons de santé,Nombre de maisons de santé pluri-professionnelles,nb-maisons-sante,24,Dordogne,2017-12-31,19.0,maisons de santé
Doubler le nombre de maisons de santé,Nombre de maisons de santé pluri-professionnelles,nb-maisons-sante,24,Dordogne,2018-06-30,19.0,maisons de santé
Doubler le nombre de maisons de santé,Nombre de maisons de santé pluri-professionnelles,nb-maisons-sante,24,Dordogne,2018-12-31,19.0,maisons de santé
Doubler le nombre de maisons de santé,Nombre de maisons de santé pluri-professionnelles,nb-maisons-sante,24,Dordogne,2019-06-30,21.0,maisons de santé
Doubler le nombre de maisons de santé,Nombre de maisons de santé pluri-professionnelles,nb-maisons-sante,24,Dordogne,2019-12-31,22.0,maisons de santé
Doubler le nombre de maisons de santé,Nombre de maisons de santé pluri-professionnelles,nb-maisons-sante,24,Dordogne,2020-06-30,22.0,maisons de santé
Lutter contre les stupéfiants,Nombre d'amendes forfaitaires délictuelles dressées,nb-amendes-delictuelles-dressees,24,Dordogne,2020-08-31,0.0,amendes dressées dans l'année
Lutter contre les stupéfiants,Nombre d'amendes forfaitaires délictuelles dressées,nb-amendes-delictuelles-dressees,24,Dordogne,2020-09-30,17.0,amendes dressées dans l'année
Lutter contre les stupéfiants,Nombre d'amendes forfaitaires délictuelles dressées,nb-amendes-delictuelles-dressees,24,Dordogne,2020-10-31,37.0,amendes dressées dans l'année
Offrir une scolarisation inclusive à tous les enfants handicapés,Nombre de classes adaptées à la scolarisation des enfants autistes (UEMA/UEEA) à l’école maternelle et à l’école élémentaire,nombre-creation-ueea,24,Dordogne,2017-09-30,1.0,classes
Offrir une scolarisation inclusive à tous les enfants handicapés,Nombre de classes adaptées à la scolarisation des enfants autistes (UEMA/UEEA) à l’école maternelle et à l’école élémentaire,nombre-creation-ueea,24,Dordogne,2018-09-30,1.0,classes
Offrir une scolarisation inclusive à tous les enfants handicapés,Nombre de classes adaptées à la scolarisation des enfants autistes (UEMA/UEEA) à l’école maternelle et à l’école élémentaire,nombre-creation-ueea,24,Dordogne,2019-09-30,2.0,classes
Offrir une scolarisation inclusive à tous les enfants handicapés,Nombre de classes adaptées à la scolarisation des enfants autistes (UEMA/UEEA) à l’école maternelle et à l’école élémentaire,nombre-creation-ueea,24,Dordogne,2020-09-30,2.0,classes
Offrir une scolarisation inclusive à tous les enfants handicapés,"Nombre d’unités locales d’inclusion scolaires (ULIS) pour les élèves en situation de handicap à l’école maternelle, à l’école élémentaire, au collège et au lycée",nombre-creation-ulis,24,Dordogne,2017-09-30,46.0,unités
Offrir une scolarisation inclusive à tous les enfants handicapés,"Nombre d’unités locales d’inclusion scolaires (ULIS) pour les élèves en situation de handicap à l’école maternelle, à l’école élémentaire, au collège et au lycée",nombre-creation-ulis,24,Dordogne,2018-09-30,48.0,unités
Offrir une scolarisation inclusive à tous les enfants handicapés,"Nombre d’unités locales d’inclusion scolaires (ULIS) pour les élèves en situation de handicap à l’école maternelle, à l’école élémentaire, au collège et au lycée",nombre-creation-ulis,24,Dordogne,2019-09-30,51.0,unités
Offrir une scolarisation inclusive à tous les enfants handicapés,"Nombre d’unités locales d’inclusion scolaires (ULIS) pour les élèves en situation de handicap à l’école maternelle, à l’école élémentaire, au collège et au lycée",nombre-creation-ulis,24,Dordogne,2020-09-30,54.0,unités
"Dédoubler les classes en REP (grande section, CP, CE1)",Part des classes de grande section en REP dédoublées,tx-gs-rep,24,Dordogne,2019-11-30,12.0,% des classes
"Dédoubler les classes en REP (grande section, CP, CE1)",Part des classes de grande section en REP dédoublées,tx-gs-rep,24,Dordogne,2020-11-30,24.0,% des classes
"Dédoubler les classes en REP (grande section, CP, CE1)",Part des classes de CP et CE1 en REP dédoublées,tx-classes-cp-ce1-rep,24,Dordogne,2019-10-31,76.0,% des classes
"Dédoubler les classes en REP (grande section, CP, CE1)",Part des classes de CP et CE1 en REP dédoublées,tx-classes-cp-ce1-rep,24,Dordogne,2020-10-31,100.0,% des classes
Réduire la mortalité sur les routes,Nombre de morts sur les routes,nb-morts-routes,24,Dordogne,2017-01-31,2.0,morts dans l'année
Réduire la mortalité sur les routes,Nombre de morts sur les routes,nb-morts-routes,24,Dordogne,2017-02-28,5.0,morts dans l'année
Réduire la mortalité sur les routes,Nombre de morts sur les routes,nb-morts-routes,24,Dordogne,2017-03-31,1.0,morts dans l'année
Réduire la mortalité sur les routes,Nombre de morts sur les routes,nb-morts-routes,24,Dordogne,2017-04-30,2.0,morts dans l'année
Réduire la mortalité sur les routes,Nombre de morts sur les routes,nb-morts-routes,24,Dordogne,2017-05-31,4.0,morts dans l'année
Réduire la mortalité sur les routes,Nombre de morts sur les routes,nb-morts-routes,24,Dordogne,2017-06-30,1.0,morts dans l'année
Réduire la mortalité sur les routes,Nombre de morts sur les routes,nb-morts-routes,24,Dordogne,2017-07-31,5.0,morts dans l'année
Réduire la mortalité sur les routes,Nombre de morts sur les routes,nb-morts-routes,24,Dordogne,2017-08-31,2.0,morts dans l'année
Réduire la mortalité sur les routes,Nombre de morts sur les routes,nb-morts-routes,24,Dordogne,2017-09-30,3.0,morts dans l'année
Réduire la mortalité sur les routes,Nombre de morts sur les routes,nb-morts-routes,24,Dordogne,2017-10-31,2.0,morts dans l'année
Réduire la mortalité sur les routes,Nombre de morts sur les routes,nb-morts-routes,24,Dordogne,2017-11-30,3.0,morts dans l'année
Réduire la mortalité sur les routes,Nombre de morts sur les routes,nb-morts-routes,24,Dordogne,2017-12-31,1.0,morts dans l'année
Réduire la mortalité sur les routes,Nombre de morts sur les routes,nb-morts-routes,24,Dordogne,2018-01-31,5.0,morts dans l'année
Réduire la mortalité sur les routes,Nombre de morts sur les routes,nb-morts-routes,24,Dordogne,2018-02-28,3.0,morts dans l'année
Réduire la mortalité sur les routes,Nombre de morts sur les routes,nb-morts-routes,24,Dordogne,2018-03-31,5.0,morts dans l'année
Réduire la mortalité sur les routes,Nombre de morts sur les routes,nb-morts-routes,24,Dordogne,2018-04-30,4.0,morts dans l'année
Réduire la mortalité sur les routes,Nombre de morts sur les routes,nb-morts-routes,24,Dordogne,2018-05-31,3.0,morts dans l'année
Réduire la mortalité sur les routes,Nombre de morts sur les routes,nb-morts-routes,24,Dordogne,2018-06-30,3.0,morts dans l'année
Réduire la mortalité sur les routes,Nombre de morts sur les routes,nb-morts-routes,24,Dordogne,2018-07-31,2.0,morts dans l'année
Réduire la mortalité sur les routes,Nombre de morts sur les routes,nb-morts-routes,24,Dordogne,2018-08-31,2.0,morts dans l'année
Réduire la mortalité sur les routes,Nombre de morts sur les routes,nb-morts-routes,24,Dordogne,2018-09-30,3.0,morts dans l'année
Réduire la mortalité sur les routes,Nombre de morts sur les routes,nb-morts-routes,24,Dordogne,2018-10-31,3.0,morts dans l'année
Réduire la mortalité sur les routes,Nombre de morts sur les routes,nb-morts-routes,24,Dordogne,2018-11-30,4.0,morts dans l'année
Réduire la mortalité sur les routes,Nombre de morts sur les routes,nb-morts-routes,24,Dordogne,2018-12-31,5.0,morts dans l'année
Réduire la mortalité sur les routes,Nombre de morts sur les routes,nb-morts-routes,24,Dordogne,2019-01-31,4.0,morts dans l'année
Réduire la mortalité sur les routes,Nombre de morts sur les routes,nb-morts-routes,24,Dordogne,2019-02-28,2.0,morts dans l'année
Réduire la mortalité sur les routes,Nombre de morts sur les routes,nb-morts-routes,24,Dordogne,2019-03-31,0.0,morts dans l'année
Réduire la mortalité sur les routes,Nombre de morts sur les routes,nb-morts-routes,24,Dordogne,2019-04-30,3.0,morts dans l'année
Réduire la mortalité sur les routes,Nombre de morts sur les routes,nb-morts-routes,24,Dordogne,2019-05-31,2.0,morts dans l'année
Réduire la mortalité sur les routes,Nombre de morts sur les routes,nb-morts-routes,24,Dordogne,2019-06-30,2.0,morts dans l'année
Réduire la mortalité sur les routes,Nombre de morts sur les routes,nb-morts-routes,24,Dordogne,2019-07-31,2.0,morts dans l'année
Réduire la mortalité sur les routes,Nombre de morts sur les routes,nb-morts-routes,24,Dordogne,2019-08-31,2.0,morts dans l'année
Réduire la mortalité sur les routes,Nombre de morts sur les routes,nb-morts-routes,24,Dordogne,2019-09-30,1.0,morts dans l'année
Réduire la mortalité sur les routes,Nombre de morts sur les routes,nb-morts-routes,24,Dordogne,2019-10-31,3.0,morts dans l'année
Réduire la mortalité sur les routes,Nombre de morts sur les routes,nb-morts-routes,24,Dordogne,2019-11-30,1.0,morts dans l'année
Réduire la mortalité sur les routes,Nombre de morts sur les routes,nb-morts-routes,24,Dordogne,2019-12-31,2.0,morts dans l'année
Réduire la mortalité sur les routes,Nombre de morts sur les routes,nb-morts-routes,24,Dordogne,2020-01-31,2.0,morts dans l'année
Réduire la mortalité sur les routes,Nombre de morts sur les routes,nb-morts-routes,24,Dordogne,2020-02-29,0.0,morts dans l'année
Réduire la mortalité sur les routes,Nombre de morts sur les routes,nb-morts-routes,24,Dordogne,2020-03-31,1.0,morts dans l'année
Réduire la mortalité sur les routes,Nombre de morts sur les routes,nb-morts-routes,24,Dordogne,2020-04-30,1.0,morts dans l'année
Réduire la mortalité sur les routes,Nombre de morts sur les routes,nb-morts-routes,24,Dordogne,2020-05-31,1.0,morts dans l'année
Réduire la mortalité sur les routes,Nombre de morts sur les routes,nb-morts-routes,24,Dordogne,2020-06-30,3.0,morts dans l'année
Réduire la mortalité sur les routes,Nombre de morts sur les routes,nb-morts-routes,24,Dordogne,2020-07-31,1.0,morts dans l'année
Réduire la mortalité sur les routes,Nombre de morts sur les routes,nb-morts-routes,24,Dordogne,2020-08-31,2.0,morts dans l'année
Réduire la mortalité sur les routes,Nombre de morts sur les routes,nb-morts-routes,24,Dordogne,2020-09-30,2.0,morts dans l'année
Réduire la mortalité sur les routes,Nombre de morts sur les routes,nb-morts-routes,24,Dordogne,2020-10-31,1.0,morts dans l'année
