mesure,indicateur,id_indicateur,code_departement,libelle_departement,date,valeur,unite
Simplifier l’accès aux droits des personnes handicapées,Durée moyenne de traitement pour les demandes d’allocation adulte handicapé,duree-moyenne-traitement-demandes-allocation-adulte-handicape,01,Ain,2017-12-31,4.4,mois de traitement
Simplifier l’accès aux droits des personnes handicapées,Durée moyenne de traitement pour les demandes d’allocation adulte handicapé,duree-moyenne-traitement-demandes-allocation-adulte-handicape,01,Ain,2018-12-31,5.1,mois de traitement
Simplifier l’accès aux droits des personnes handicapées,Durée moyenne de traitement pour les demandes d’allocation adulte handicapé,duree-moyenne-traitement-demandes-allocation-adulte-handicape,01,Ain,2019-12-31,0.0,mois de traitement
Simplifier l’accès aux droits des personnes handicapées,Durée moyenne de traitement pour les demandes d’allocation adulte handicapé,duree-moyenne-traitement-demandes-allocation-adulte-handicape,01,Ain,2020-09-30,6.2,mois de traitement
Supprimer la taxe d’habitation sur les résidences principales,Nombre de bénéficiaires totalement exonérés,nb-beneficiaires-suppression-taxe-habitation,01,Ain,2018-12-31,33415.0,bénéficiaires
Supprimer la taxe d’habitation sur les résidences principales,Nombre de bénéficiaires totalement exonérés,nb-beneficiaires-suppression-taxe-habitation,01,Ain,2019-12-31,33682.0,bénéficiaires
Supprimer la taxe d’habitation sur les résidences principales,Nombre de bénéficiaires totalement exonérés,nb-beneficiaires-suppression-taxe-habitation,01,Ain,2020-12-31,192932.0,bénéficiaires
Déployer Parcoursup ,Taux de réussite aux examens de licence 1,tx-reussite-examens,01,Ain,2017-10-31,47.0,% de réussite
Déployer Parcoursup ,Taux de réussite aux examens de licence 1,tx-reussite-examens,01,Ain,2019-10-31,48.0,% de réussite
Renforcer la sécurité du quotidien,Nombre d’heures de patrouille de voie publique,nb-heures-patrouille,01,Ain,2020-01-31,44377.0,heures de patrouille dans l'année
Renforcer la sécurité du quotidien,Nombre d’heures de patrouille de voie publique,nb-heures-patrouille,01,Ain,2020-02-29,40224.0,heures de patrouille dans l'année
Renforcer la sécurité du quotidien,Nombre d’heures de patrouille de voie publique,nb-heures-patrouille,01,Ain,2020-03-31,43285.0,heures de patrouille dans l'année
Renforcer la sécurité du quotidien,Nombre d’heures de patrouille de voie publique,nb-heures-patrouille,01,Ain,2020-04-30,51344.0,heures de patrouille dans l'année
Renforcer la sécurité du quotidien,Nombre d’heures de patrouille de voie publique,nb-heures-patrouille,01,Ain,2020-05-31,48896.0,heures de patrouille dans l'année
Renforcer la sécurité du quotidien,Nombre d’heures de patrouille de voie publique,nb-heures-patrouille,01,Ain,2020-06-30,44492.0,heures de patrouille dans l'année
Renforcer la sécurité du quotidien,Nombre d’heures de patrouille de voie publique,nb-heures-patrouille,01,Ain,2020-07-31,41298.0,heures de patrouille dans l'année
Renforcer la sécurité du quotidien,Nombre d’heures de patrouille de voie publique,nb-heures-patrouille,01,Ain,2020-08-31,41621.0,heures de patrouille dans l'année
Renforcer la sécurité du quotidien,Nombre d’heures de patrouille de voie publique,nb-heures-patrouille,01,Ain,2020-09-30,44999.0,heures de patrouille dans l'année
Renforcer la sécurité du quotidien,Nombre d’heures de patrouille de voie publique,nb-heures-patrouille,01,Ain,2020-10-31,47204.0,heures de patrouille dans l'année
Assurer une bonne couverture en internet fixe et en téléphonie mobile pour tous les Français d'ici 2022,Taux de déploiement de la fibre,taux-deploiement-fibre,01,Ain,2017-12-31,36.0,% de déploiement
Assurer une bonne couverture en internet fixe et en téléphonie mobile pour tous les Français d'ici 2022,Taux de déploiement de la fibre,taux-deploiement-fibre,01,Ain,2018-03-31,37.0,% de déploiement
Assurer une bonne couverture en internet fixe et en téléphonie mobile pour tous les Français d'ici 2022,Taux de déploiement de la fibre,taux-deploiement-fibre,01,Ain,2018-06-30,38.0,% de déploiement
Assurer une bonne couverture en internet fixe et en téléphonie mobile pour tous les Français d'ici 2022,Taux de déploiement de la fibre,taux-deploiement-fibre,01,Ain,2018-09-30,41.0,% de déploiement
Assurer une bonne couverture en internet fixe et en téléphonie mobile pour tous les Français d'ici 2022,Taux de déploiement de la fibre,taux-deploiement-fibre,01,Ain,2018-12-31,44.0,% de déploiement
Assurer une bonne couverture en internet fixe et en téléphonie mobile pour tous les Français d'ici 2022,Taux de déploiement de la fibre,taux-deploiement-fibre,01,Ain,2019-03-31,46.0,% de déploiement
Assurer une bonne couverture en internet fixe et en téléphonie mobile pour tous les Français d'ici 2022,Taux de déploiement de la fibre,taux-deploiement-fibre,01,Ain,2019-06-30,47.0,% de déploiement
Assurer une bonne couverture en internet fixe et en téléphonie mobile pour tous les Français d'ici 2022,Taux de déploiement de la fibre,taux-deploiement-fibre,01,Ain,2019-09-30,48.0,% de déploiement
Assurer une bonne couverture en internet fixe et en téléphonie mobile pour tous les Français d'ici 2022,Taux de déploiement de la fibre,taux-deploiement-fibre,01,Ain,2019-12-31,45.0,% de déploiement
Assurer une bonne couverture en internet fixe et en téléphonie mobile pour tous les Français d'ici 2022,Taux de déploiement de la fibre,taux-deploiement-fibre,01,Ain,2020-03-31,46.0,% de déploiement
Assurer une bonne couverture en internet fixe et en téléphonie mobile pour tous les Français d'ici 2022,Taux de déploiement de la fibre,taux-deploiement-fibre,01,Ain,2020-06-30,48.0,% de déploiement
Offrir un logement aux sans-abri : Logement d’abord,Nombre de personnes sans-abri ou en hébergement ayant obtenu un logement social,logement-sans-domicile-hebergement-urgence,01,Ain,2018-06-30,37.0,personnes dans l'année
Offrir un logement aux sans-abri : Logement d’abord,Nombre de personnes sans-abri ou en hébergement ayant obtenu un logement social,logement-sans-domicile-hebergement-urgence,01,Ain,2018-07-31,38.0,personnes dans l'année
Offrir un logement aux sans-abri : Logement d’abord,Nombre de personnes sans-abri ou en hébergement ayant obtenu un logement social,logement-sans-domicile-hebergement-urgence,01,Ain,2018-08-31,17.0,personnes dans l'année
Offrir un logement aux sans-abri : Logement d’abord,Nombre de personnes sans-abri ou en hébergement ayant obtenu un logement social,logement-sans-domicile-hebergement-urgence,01,Ain,2018-09-30,18.0,personnes dans l'année
Offrir un logement aux sans-abri : Logement d’abord,Nombre de personnes sans-abri ou en hébergement ayant obtenu un logement social,logement-sans-domicile-hebergement-urgence,01,Ain,2018-10-31,40.0,personnes dans l'année
Offrir un logement aux sans-abri : Logement d’abord,Nombre de personnes sans-abri ou en hébergement ayant obtenu un logement social,logement-sans-domicile-hebergement-urgence,01,Ain,2018-11-30,46.0,personnes dans l'année
Offrir un logement aux sans-abri : Logement d’abord,Nombre de personnes sans-abri ou en hébergement ayant obtenu un logement social,logement-sans-domicile-hebergement-urgence,01,Ain,2018-12-31,24.0,personnes dans l'année
Offrir un logement aux sans-abri : Logement d’abord,Nombre de personnes sans-abri ou en hébergement ayant obtenu un logement social,logement-sans-domicile-hebergement-urgence,01,Ain,2019-01-31,31.0,personnes dans l'année
Offrir un logement aux sans-abri : Logement d’abord,Nombre de personnes sans-abri ou en hébergement ayant obtenu un logement social,logement-sans-domicile-hebergement-urgence,01,Ain,2019-02-28,22.0,personnes dans l'année
Offrir un logement aux sans-abri : Logement d’abord,Nombre de personnes sans-abri ou en hébergement ayant obtenu un logement social,logement-sans-domicile-hebergement-urgence,01,Ain,2019-03-31,39.0,personnes dans l'année
Offrir un logement aux sans-abri : Logement d’abord,Nombre de personnes sans-abri ou en hébergement ayant obtenu un logement social,logement-sans-domicile-hebergement-urgence,01,Ain,2019-04-30,51.0,personnes dans l'année
Offrir un logement aux sans-abri : Logement d’abord,Nombre de personnes sans-abri ou en hébergement ayant obtenu un logement social,logement-sans-domicile-hebergement-urgence,01,Ain,2019-05-31,33.0,personnes dans l'année
Offrir un logement aux sans-abri : Logement d’abord,Nombre de personnes sans-abri ou en hébergement ayant obtenu un logement social,logement-sans-domicile-hebergement-urgence,01,Ain,2019-06-30,33.0,personnes dans l'année
Offrir un logement aux sans-abri : Logement d’abord,Nombre de personnes sans-abri ou en hébergement ayant obtenu un logement social,logement-sans-domicile-hebergement-urgence,01,Ain,2019-07-31,22.0,personnes dans l'année
Offrir un logement aux sans-abri : Logement d’abord,Nombre de personnes sans-abri ou en hébergement ayant obtenu un logement social,logement-sans-domicile-hebergement-urgence,01,Ain,2019-08-31,22.0,personnes dans l'année
Offrir un logement aux sans-abri : Logement d’abord,Nombre de personnes sans-abri ou en hébergement ayant obtenu un logement social,logement-sans-domicile-hebergement-urgence,01,Ain,2019-09-30,26.0,personnes dans l'année
Offrir un logement aux sans-abri : Logement d’abord,Nombre de personnes sans-abri ou en hébergement ayant obtenu un logement social,logement-sans-domicile-hebergement-urgence,01,Ain,2019-10-31,58.0,personnes dans l'année
Offrir un logement aux sans-abri : Logement d’abord,Nombre de personnes sans-abri ou en hébergement ayant obtenu un logement social,logement-sans-domicile-hebergement-urgence,01,Ain,2019-11-30,39.0,personnes dans l'année
Offrir un logement aux sans-abri : Logement d’abord,Nombre de personnes sans-abri ou en hébergement ayant obtenu un logement social,logement-sans-domicile-hebergement-urgence,01,Ain,2019-12-31,44.0,personnes dans l'année
Offrir un logement aux sans-abri : Logement d’abord,Nombre de personnes sans-abri ou en hébergement ayant obtenu un logement social,logement-sans-domicile-hebergement-urgence,01,Ain,2020-01-31,40.0,personnes dans l'année
Offrir un logement aux sans-abri : Logement d’abord,Nombre de personnes sans-abri ou en hébergement ayant obtenu un logement social,logement-sans-domicile-hebergement-urgence,01,Ain,2020-02-29,37.0,personnes dans l'année
Offrir un logement aux sans-abri : Logement d’abord,Nombre de personnes sans-abri ou en hébergement ayant obtenu un logement social,logement-sans-domicile-hebergement-urgence,01,Ain,2020-03-31,13.0,personnes dans l'année
Offrir un logement aux sans-abri : Logement d’abord,Nombre de personnes sans-abri ou en hébergement ayant obtenu un logement social,logement-sans-domicile-hebergement-urgence,01,Ain,2020-04-30,0.0,personnes dans l'année
Offrir un logement aux sans-abri : Logement d’abord,Nombre de personnes sans-abri ou en hébergement ayant obtenu un logement social,logement-sans-domicile-hebergement-urgence,01,Ain,2020-05-31,16.0,personnes dans l'année
Offrir un logement aux sans-abri : Logement d’abord,Nombre de personnes sans-abri ou en hébergement ayant obtenu un logement social,logement-sans-domicile-hebergement-urgence,01,Ain,2020-06-30,33.0,personnes dans l'année
Offrir un logement aux sans-abri : Logement d’abord,Nombre de personnes sans-abri ou en hébergement ayant obtenu un logement social,logement-sans-domicile-hebergement-urgence,01,Ain,2020-07-31,19.0,personnes dans l'année
Offrir un logement aux sans-abri : Logement d’abord,Nombre de personnes sans-abri ou en hébergement ayant obtenu un logement social,logement-sans-domicile-hebergement-urgence,01,Ain,2020-08-31,38.0,personnes dans l'année
Offrir un logement aux sans-abri : Logement d’abord,Nombre de personnes sans-abri ou en hébergement ayant obtenu un logement social,logement-sans-domicile-hebergement-urgence,01,Ain,2020-09-30,33.0,personnes dans l'année
"Proposer une offre de lunettes, appareils auditifs et prothèses dentaires remboursée à 100%",Part des équipements/soins 100% santé dans le total des soins dentaires,tx-equipements-dentaire,01,Ain,2019-04-30,24.66,%
"Proposer une offre de lunettes, appareils auditifs et prothèses dentaires remboursée à 100%",Part des équipements/soins 100% santé dans le total des soins dentaires,tx-equipements-dentaire,01,Ain,2019-05-31,37.91,%
"Proposer une offre de lunettes, appareils auditifs et prothèses dentaires remboursée à 100%",Part des équipements/soins 100% santé dans le total des soins dentaires,tx-equipements-dentaire,01,Ain,2019-06-30,38.26,%
"Proposer une offre de lunettes, appareils auditifs et prothèses dentaires remboursée à 100%",Part des équipements/soins 100% santé dans le total des soins dentaires,tx-equipements-dentaire,01,Ain,2019-07-31,40.58,%
"Proposer une offre de lunettes, appareils auditifs et prothèses dentaires remboursée à 100%",Part des équipements/soins 100% santé dans le total des soins dentaires,tx-equipements-dentaire,01,Ain,2019-08-31,37.74,%
"Proposer une offre de lunettes, appareils auditifs et prothèses dentaires remboursée à 100%",Part des équipements/soins 100% santé dans le total des soins dentaires,tx-equipements-dentaire,01,Ain,2019-09-30,41.32,%
"Proposer une offre de lunettes, appareils auditifs et prothèses dentaires remboursée à 100%",Part des équipements/soins 100% santé dans le total des soins dentaires,tx-equipements-dentaire,01,Ain,2019-10-31,38.88,%
"Proposer une offre de lunettes, appareils auditifs et prothèses dentaires remboursée à 100%",Part des équipements/soins 100% santé dans le total des soins dentaires,tx-equipements-dentaire,01,Ain,2019-11-30,39.4,%
"Proposer une offre de lunettes, appareils auditifs et prothèses dentaires remboursée à 100%",Part des équipements/soins 100% santé dans le total des soins dentaires,tx-equipements-dentaire,01,Ain,2019-12-31,38.45,%
"Proposer une offre de lunettes, appareils auditifs et prothèses dentaires remboursée à 100%",Part des équipements/soins 100% santé dans le total des soins dentaires,tx-equipements-dentaire,01,Ain,2020-01-31,41.31,%
"Proposer une offre de lunettes, appareils auditifs et prothèses dentaires remboursée à 100%",Part des équipements/soins 100% santé dans le total des soins dentaires,tx-equipements-dentaire,01,Ain,2020-02-29,43.96,%
"Proposer une offre de lunettes, appareils auditifs et prothèses dentaires remboursée à 100%",Part des équipements/soins 100% santé dans le total des soins dentaires,tx-equipements-dentaire,01,Ain,2020-03-31,47.82,%
"Proposer une offre de lunettes, appareils auditifs et prothèses dentaires remboursée à 100%",Part des équipements/soins 100% santé dans le total des soins dentaires,tx-equipements-dentaire,01,Ain,2020-04-30,38.04,%
"Proposer une offre de lunettes, appareils auditifs et prothèses dentaires remboursée à 100%",Part des équipements/soins 100% santé dans le total des soins dentaires,tx-equipements-dentaire,01,Ain,2020-05-31,45.91,%
"Proposer une offre de lunettes, appareils auditifs et prothèses dentaires remboursée à 100%",Part des équipements/soins 100% santé dans le total des soins dentaires,tx-equipements-dentaire,01,Ain,2020-06-30,46.04,%
"Proposer une offre de lunettes, appareils auditifs et prothèses dentaires remboursée à 100%",Part des équipements/soins 100% santé dans le total des soins dentaires,tx-equipements-dentaire,01,Ain,2020-07-31,46.83,%
"Proposer une offre de lunettes, appareils auditifs et prothèses dentaires remboursée à 100%",Part des équipements/soins 100% santé dans le total des soins dentaires,tx-equipements-dentaire,01,Ain,2020-08-31,45.56,%
"Proposer une offre de lunettes, appareils auditifs et prothèses dentaires remboursée à 100%",Part des équipements/soins 100% santé dans le total des soins dentaires,tx-equipements-dentaire,01,Ain,2020-09-30,47.46,%
"Proposer une offre de lunettes, appareils auditifs et prothèses dentaires remboursée à 100%",Part des équipements/soins auditives 100% santé dans le total des soins,tx-equipements-audio,01,Ain,2019-01-31,6.16,%
"Proposer une offre de lunettes, appareils auditifs et prothèses dentaires remboursée à 100%",Part des équipements/soins auditives 100% santé dans le total des soins,tx-equipements-audio,01,Ain,2019-02-28,9.11,%
"Proposer une offre de lunettes, appareils auditifs et prothèses dentaires remboursée à 100%",Part des équipements/soins auditives 100% santé dans le total des soins,tx-equipements-audio,01,Ain,2019-03-31,10.16,%
"Proposer une offre de lunettes, appareils auditifs et prothèses dentaires remboursée à 100%",Part des équipements/soins auditives 100% santé dans le total des soins,tx-equipements-audio,01,Ain,2019-04-30,12.27,%
"Proposer une offre de lunettes, appareils auditifs et prothèses dentaires remboursée à 100%",Part des équipements/soins auditives 100% santé dans le total des soins,tx-equipements-audio,01,Ain,2019-05-31,7.8,%
"Proposer une offre de lunettes, appareils auditifs et prothèses dentaires remboursée à 100%",Part des équipements/soins auditives 100% santé dans le total des soins,tx-equipements-audio,01,Ain,2019-06-30,10.33,%
"Proposer une offre de lunettes, appareils auditifs et prothèses dentaires remboursée à 100%",Part des équipements/soins auditives 100% santé dans le total des soins,tx-equipements-audio,01,Ain,2019-07-31,10.95,%
"Proposer une offre de lunettes, appareils auditifs et prothèses dentaires remboursée à 100%",Part des équipements/soins auditives 100% santé dans le total des soins,tx-equipements-audio,01,Ain,2019-08-31,8.38,%
"Proposer une offre de lunettes, appareils auditifs et prothèses dentaires remboursée à 100%",Part des équipements/soins auditives 100% santé dans le total des soins,tx-equipements-audio,01,Ain,2019-09-30,8.29,%
"Proposer une offre de lunettes, appareils auditifs et prothèses dentaires remboursée à 100%",Part des équipements/soins auditives 100% santé dans le total des soins,tx-equipements-audio,01,Ain,2019-10-31,9.41,%
"Proposer une offre de lunettes, appareils auditifs et prothèses dentaires remboursée à 100%",Part des équipements/soins auditives 100% santé dans le total des soins,tx-equipements-audio,01,Ain,2019-11-30,9.09,%
"Proposer une offre de lunettes, appareils auditifs et prothèses dentaires remboursée à 100%",Part des équipements/soins auditives 100% santé dans le total des soins,tx-equipements-audio,01,Ain,2019-12-31,7.1,%
"Proposer une offre de lunettes, appareils auditifs et prothèses dentaires remboursée à 100%",Part des équipements/soins auditives 100% santé dans le total des soins,tx-equipements-audio,01,Ain,2020-01-31,7.61,%
"Proposer une offre de lunettes, appareils auditifs et prothèses dentaires remboursée à 100%",Part des équipements/soins auditives 100% santé dans le total des soins,tx-equipements-audio,01,Ain,2020-02-29,9.23,%
"Proposer une offre de lunettes, appareils auditifs et prothèses dentaires remboursée à 100%",Part des équipements/soins auditives 100% santé dans le total des soins,tx-equipements-audio,01,Ain,2020-03-31,9.82,%
"Proposer une offre de lunettes, appareils auditifs et prothèses dentaires remboursée à 100%",Part des équipements/soins auditives 100% santé dans le total des soins,tx-equipements-audio,01,Ain,2020-04-30,7.06,%
"Proposer une offre de lunettes, appareils auditifs et prothèses dentaires remboursée à 100%",Part des équipements/soins auditives 100% santé dans le total des soins,tx-equipements-audio,01,Ain,2020-05-31,8.86,%
"Proposer une offre de lunettes, appareils auditifs et prothèses dentaires remboursée à 100%",Part des équipements/soins auditives 100% santé dans le total des soins,tx-equipements-audio,01,Ain,2020-06-30,7.5,%
"Proposer une offre de lunettes, appareils auditifs et prothèses dentaires remboursée à 100%",Part des équipements/soins auditives 100% santé dans le total des soins,tx-equipements-audio,01,Ain,2020-07-31,8.59,%
"Proposer une offre de lunettes, appareils auditifs et prothèses dentaires remboursée à 100%",Part des équipements/soins auditives 100% santé dans le total des soins,tx-equipements-audio,01,Ain,2020-08-31,8.02,%
"Proposer une offre de lunettes, appareils auditifs et prothèses dentaires remboursée à 100%",Part des équipements/soins auditives 100% santé dans le total des soins,tx-equipements-audio,01,Ain,2020-09-30,4.75,%
"Proposer une offre de lunettes, appareils auditifs et prothèses dentaires remboursée à 100%",Part des équipements/soins auditives 100% santé dans le total des soins,tx-equipements-audio,01,Ain,2020-10-31,9.6,%
"Proposer une offre de lunettes, appareils auditifs et prothèses dentaires remboursée à 100%",Part des équipements/soins 100% santé dans le total des soins optiques,tx-equipements-optique,01,Ain,2020-01-31,6.95,%
"Proposer une offre de lunettes, appareils auditifs et prothèses dentaires remboursée à 100%",Part des équipements/soins 100% santé dans le total des soins optiques,tx-equipements-optique,01,Ain,2020-02-29,6.23,%
"Proposer une offre de lunettes, appareils auditifs et prothèses dentaires remboursée à 100%",Part des équipements/soins 100% santé dans le total des soins optiques,tx-equipements-optique,01,Ain,2020-03-31,5.35,%
"Proposer une offre de lunettes, appareils auditifs et prothèses dentaires remboursée à 100%",Part des équipements/soins 100% santé dans le total des soins optiques,tx-equipements-optique,01,Ain,2020-04-30,4.18,%
"Proposer une offre de lunettes, appareils auditifs et prothèses dentaires remboursée à 100%",Part des équipements/soins 100% santé dans le total des soins optiques,tx-equipements-optique,01,Ain,2020-05-31,6.54,%
"Proposer une offre de lunettes, appareils auditifs et prothèses dentaires remboursée à 100%",Part des équipements/soins 100% santé dans le total des soins optiques,tx-equipements-optique,01,Ain,2020-06-30,6.46,%
"Proposer une offre de lunettes, appareils auditifs et prothèses dentaires remboursée à 100%",Part des équipements/soins 100% santé dans le total des soins optiques,tx-equipements-optique,01,Ain,2020-07-31,5.66,%
"Proposer une offre de lunettes, appareils auditifs et prothèses dentaires remboursée à 100%",Part des équipements/soins 100% santé dans le total des soins optiques,tx-equipements-optique,01,Ain,2020-08-31,5.83,%
"Proposer une offre de lunettes, appareils auditifs et prothèses dentaires remboursée à 100%",Part des équipements/soins 100% santé dans le total des soins optiques,tx-equipements-optique,01,Ain,2020-09-30,6.45,%
"Proposer une offre de lunettes, appareils auditifs et prothèses dentaires remboursée à 100%",Part des équipements/soins 100% santé dans le total des soins optiques,tx-equipements-optique,01,Ain,2020-10-31,6.14,%
Mettre en œuvre la sortie du plastique à usage unique et lutter contre le gaspillage,Nombre de Français qui peuvent mettre tous les emballages dans le bac jaune,nb-francais-emballages-bac-jaune,01,Ain,2017-06-30,20000.0,habitants
Mettre en œuvre la sortie du plastique à usage unique et lutter contre le gaspillage,Nombre de Français qui peuvent mettre tous les emballages dans le bac jaune,nb-francais-emballages-bac-jaune,01,Ain,2017-12-31,20000.0,habitants
Mettre en œuvre la sortie du plastique à usage unique et lutter contre le gaspillage,Nombre de Français qui peuvent mettre tous les emballages dans le bac jaune,nb-francais-emballages-bac-jaune,01,Ain,2018-06-30,20000.0,habitants
Mettre en œuvre la sortie du plastique à usage unique et lutter contre le gaspillage,Nombre de Français qui peuvent mettre tous les emballages dans le bac jaune,nb-francais-emballages-bac-jaune,01,Ain,2018-12-31,20000.0,habitants
Mettre en œuvre la sortie du plastique à usage unique et lutter contre le gaspillage,Nombre de Français qui peuvent mettre tous les emballages dans le bac jaune,nb-francais-emballages-bac-jaune,01,Ain,2019-06-30,20000.0,habitants
Mettre en œuvre la sortie du plastique à usage unique et lutter contre le gaspillage,Nombre de Français qui peuvent mettre tous les emballages dans le bac jaune,nb-francais-emballages-bac-jaune,01,Ain,2019-12-31,20000.0,habitants
Mettre en œuvre la sortie du plastique à usage unique et lutter contre le gaspillage,Nombre de Français qui peuvent mettre tous les emballages dans le bac jaune,nb-francais-emballages-bac-jaune,01,Ain,2020-06-30,20000.0,habitants
Verdir le parc automobile,Nombre de primes à la conversion et de bonus écologiques,nb-primes-conversion,01,Ain,2018-03-31,143.0,primes et bonus
Verdir le parc automobile,Nombre de primes à la conversion et de bonus écologiques,nb-primes-conversion,01,Ain,2018-06-30,767.0,primes et bonus
Verdir le parc automobile,Nombre de primes à la conversion et de bonus écologiques,nb-primes-conversion,01,Ain,2018-09-30,1417.0,primes et bonus
Verdir le parc automobile,Nombre de primes à la conversion et de bonus écologiques,nb-primes-conversion,01,Ain,2018-12-31,2286.0,primes et bonus
Verdir le parc automobile,Nombre de primes à la conversion et de bonus écologiques,nb-primes-conversion,01,Ain,2019-03-31,3110.0,primes et bonus
Verdir le parc automobile,Nombre de primes à la conversion et de bonus écologiques,nb-primes-conversion,01,Ain,2019-06-30,4164.0,primes et bonus
Verdir le parc automobile,Nombre de primes à la conversion et de bonus écologiques,nb-primes-conversion,01,Ain,2019-09-30,5178.0,primes et bonus
Verdir le parc automobile,Nombre de primes à la conversion et de bonus écologiques,nb-primes-conversion,01,Ain,2019-12-31,5935.0,primes et bonus
Verdir le parc automobile,Nombre de primes à la conversion et de bonus écologiques,nb-primes-conversion,01,Ain,2020-03-31,6320.0,primes et bonus
Verdir le parc automobile,Nombre de primes à la conversion et de bonus écologiques,nb-primes-conversion,01,Ain,2020-06-30,6515.0,primes et bonus
Verdir le parc automobile,Nombre de primes à la conversion et de bonus écologiques,nb-primes-conversion,01,Ain,2020-09-30,7590.0,primes et bonus
Déployer le plan vélo,Kilomètres d'aménagements cyclables sécurisés,km-amenagement-cyclables-securises,01,Ain,2017-12-31,269.0,kilomètres
Déployer le plan vélo,Kilomètres d'aménagements cyclables sécurisés,km-amenagement-cyclables-securises,01,Ain,2018-12-31,302.0,kilomètres
Déployer le plan vélo,Kilomètres d'aménagements cyclables sécurisés,km-amenagement-cyclables-securises,01,Ain,2019-12-31,309.0,kilomètres
Déployer le plan vélo,Kilomètres d'aménagements cyclables sécurisés,km-amenagement-cyclables-securises,01,Ain,2020-09-30,380.0,kilomètres
Déployer une offre France Services dans tous les territoires ,Nombre de labellisations (atteinte de l'objectif fixé),nb-labellisations-france-services,01,Ain,2020-01-31,1.0,labellisations
Déployer une offre France Services dans tous les territoires ,Nombre de labellisations (atteinte de l'objectif fixé),nb-labellisations-france-services,01,Ain,2020-02-29,3.0,labellisations
Déployer une offre France Services dans tous les territoires ,Nombre de labellisations (atteinte de l'objectif fixé),nb-labellisations-france-services,01,Ain,2020-03-31,3.0,labellisations
Déployer une offre France Services dans tous les territoires ,Nombre de labellisations (atteinte de l'objectif fixé),nb-labellisations-france-services,01,Ain,2020-04-30,3.0,labellisations
Déployer une offre France Services dans tous les territoires ,Nombre de labellisations (atteinte de l'objectif fixé),nb-labellisations-france-services,01,Ain,2020-05-31,3.0,labellisations
Déployer une offre France Services dans tous les territoires ,Nombre de labellisations (atteinte de l'objectif fixé),nb-labellisations-france-services,01,Ain,2020-06-30,3.0,labellisations
Déployer une offre France Services dans tous les territoires ,Nombre de labellisations (atteinte de l'objectif fixé),nb-labellisations-france-services,01,Ain,2020-07-31,3.0,labellisations
Déployer une offre France Services dans tous les territoires ,Nombre de labellisations (atteinte de l'objectif fixé),nb-labellisations-france-services,01,Ain,2020-08-31,3.0,labellisations
Déployer une offre France Services dans tous les territoires ,Nombre de labellisations (atteinte de l'objectif fixé),nb-labellisations-france-services,01,Ain,2020-09-30,6.0,labellisations
Déployer une offre France Services dans tous les territoires ,Nombre de labellisations (atteinte de l'objectif fixé),nb-labellisations-france-services,01,Ain,2020-10-31,6.0,labellisations
Déployer une offre France Services dans tous les territoires ,Nombre de labellisations (atteinte de l'objectif fixé),nb-labellisations-france-services,01,Ain,2020-11-30,6.0,labellisations
Améliorer la qualité du service rendu à l’usager,Part des lieux d’accueil du public qui publient leurs résultats,tx-transparence-resultats,01,Ain,2017-12-31,13.0,% de réseaux
Améliorer la qualité du service rendu à l’usager,Part des lieux d’accueil du public qui publient leurs résultats,tx-transparence-resultats,01,Ain,2018-12-31,53.0,% de réseaux
Améliorer la qualité du service rendu à l’usager,Part des lieux d’accueil du public qui publient leurs résultats,tx-transparence-resultats,01,Ain,2019-12-31,53.0,% de réseaux
Développer l’apprentissage,Nombre de contrats d’apprentissage,nombre-contrats-apprentissage,01,Ain,2017-12-31,2990.0,contrats
Développer l’apprentissage,Nombre de contrats d’apprentissage,nombre-contrats-apprentissage,01,Ain,2018-12-31,2998.0,contrats
Développer l’apprentissage,Nombre de contrats d’apprentissage,nombre-contrats-apprentissage,01,Ain,2019-12-31,3357.0,contrats
Allonger le congé paternité pour un meilleur développement de l’enfant,Nombre de pères / conjoints prenant un congé de paternité et d’accueil de l’enfant,nb-peres-conge-paternite,01,Ain,2019-03-31,900.0,pères dans l'année
Allonger le congé paternité pour un meilleur développement de l’enfant,Nombre de pères / conjoints prenant un congé de paternité et d’accueil de l’enfant,nb-peres-conge-paternite,01,Ain,2019-06-30,733.0,pères dans l'année
Allonger le congé paternité pour un meilleur développement de l’enfant,Nombre de pères / conjoints prenant un congé de paternité et d’accueil de l’enfant,nb-peres-conge-paternite,01,Ain,2019-09-30,1042.0,pères dans l'année
Allonger le congé paternité pour un meilleur développement de l’enfant,Nombre de pères / conjoints prenant un congé de paternité et d’accueil de l’enfant,nb-peres-conge-paternite,01,Ain,2019-12-31,834.0,pères dans l'année
Allonger le congé paternité pour un meilleur développement de l’enfant,Nombre de pères / conjoints prenant un congé de paternité et d’accueil de l’enfant,nb-peres-conge-paternite,01,Ain,2020-03-31,841.0,pères dans l'année
Allonger le congé paternité pour un meilleur développement de l’enfant,Nombre de pères / conjoints prenant un congé de paternité et d’accueil de l’enfant,nb-peres-conge-paternite,01,Ain,2020-06-30,606.0,pères dans l'année
"Limiter les classes à 24 en grande section, CP, CE1","Part des classes de GS, CP ou CE1 ayant un effectif inférieur ou égal à 24 élèves",tx-classes-cp-ce1,01,Ain,2019-09-30,60.0,% des classes
"Limiter les classes à 24 en grande section, CP, CE1","Part des classes de GS, CP ou CE1 ayant un effectif inférieur ou égal à 24 élèves",tx-classes-cp-ce1,01,Ain,2020-09-30,65.0,% des classes
Doubler le nombre de maisons de santé,Nombre de maisons de santé pluri-professionnelles,nb-maisons-sante,01,Ain,2017-06-30,21.0,maisons de santé
Doubler le nombre de maisons de santé,Nombre de maisons de santé pluri-professionnelles,nb-maisons-sante,01,Ain,2017-12-31,23.0,maisons de santé
Doubler le nombre de maisons de santé,Nombre de maisons de santé pluri-professionnelles,nb-maisons-sante,01,Ain,2018-06-30,25.0,maisons de santé
Doubler le nombre de maisons de santé,Nombre de maisons de santé pluri-professionnelles,nb-maisons-sante,01,Ain,2018-12-31,26.0,maisons de santé
Doubler le nombre de maisons de santé,Nombre de maisons de santé pluri-professionnelles,nb-maisons-sante,01,Ain,2019-06-30,28.0,maisons de santé
Doubler le nombre de maisons de santé,Nombre de maisons de santé pluri-professionnelles,nb-maisons-sante,01,Ain,2019-12-31,30.0,maisons de santé
Doubler le nombre de maisons de santé,Nombre de maisons de santé pluri-professionnelles,nb-maisons-sante,01,Ain,2020-06-30,30.0,maisons de santé
Lutter contre les stupéfiants,Nombre d'amendes forfaitaires délictuelles dressées,nb-amendes-delictuelles-dressees,01,Ain,2020-08-31,0.0,amendes dressées dans l'année
Lutter contre les stupéfiants,Nombre d'amendes forfaitaires délictuelles dressées,nb-amendes-delictuelles-dressees,01,Ain,2020-09-30,37.0,amendes dressées dans l'année
Lutter contre les stupéfiants,Nombre d'amendes forfaitaires délictuelles dressées,nb-amendes-delictuelles-dressees,01,Ain,2020-10-31,48.0,amendes dressées dans l'année
Offrir une scolarisation inclusive à tous les enfants handicapés,Nombre de classes adaptées à la scolarisation des enfants autistes (UEMA/UEEA) à l’école maternelle et à l’école élémentaire,nombre-creation-ueea,01,Ain,2017-09-30,1.0,classes
Offrir une scolarisation inclusive à tous les enfants handicapés,Nombre de classes adaptées à la scolarisation des enfants autistes (UEMA/UEEA) à l’école maternelle et à l’école élémentaire,nombre-creation-ueea,01,Ain,2018-09-30,1.0,classes
Offrir une scolarisation inclusive à tous les enfants handicapés,Nombre de classes adaptées à la scolarisation des enfants autistes (UEMA/UEEA) à l’école maternelle et à l’école élémentaire,nombre-creation-ueea,01,Ain,2019-09-30,2.0,classes
Offrir une scolarisation inclusive à tous les enfants handicapés,Nombre de classes adaptées à la scolarisation des enfants autistes (UEMA/UEEA) à l’école maternelle et à l’école élémentaire,nombre-creation-ueea,01,Ain,2020-09-30,3.0,classes
Offrir une scolarisation inclusive à tous les enfants handicapés,"Nombre d’unités locales d’inclusion scolaires (ULIS) pour les élèves en situation de handicap à l’école maternelle, à l’école élémentaire, au collège et au lycée",nombre-creation-ulis,01,Ain,2017-09-30,92.0,unités
Offrir une scolarisation inclusive à tous les enfants handicapés,"Nombre d’unités locales d’inclusion scolaires (ULIS) pour les élèves en situation de handicap à l’école maternelle, à l’école élémentaire, au collège et au lycée",nombre-creation-ulis,01,Ain,2018-09-30,96.0,unités
Offrir une scolarisation inclusive à tous les enfants handicapés,"Nombre d’unités locales d’inclusion scolaires (ULIS) pour les élèves en situation de handicap à l’école maternelle, à l’école élémentaire, au collège et au lycée",nombre-creation-ulis,01,Ain,2019-09-30,98.0,unités
Offrir une scolarisation inclusive à tous les enfants handicapés,"Nombre d’unités locales d’inclusion scolaires (ULIS) pour les élèves en situation de handicap à l’école maternelle, à l’école élémentaire, au collège et au lycée",nombre-creation-ulis,01,Ain,2020-09-30,108.0,unités
"Dédoubler les classes en REP (grande section, CP, CE1)",Part des classes de grande section en REP dédoublées,tx-gs-rep,01,Ain,2019-11-30,24.0,% des classes
"Dédoubler les classes en REP (grande section, CP, CE1)",Part des classes de grande section en REP dédoublées,tx-gs-rep,01,Ain,2020-11-30,36.0,% des classes
"Dédoubler les classes en REP (grande section, CP, CE1)",Part des classes de CP et CE1 en REP dédoublées,tx-classes-cp-ce1-rep,01,Ain,2019-10-31,98.0,% des classes
"Dédoubler les classes en REP (grande section, CP, CE1)",Part des classes de CP et CE1 en REP dédoublées,tx-classes-cp-ce1-rep,01,Ain,2020-10-31,100.0,% des classes
Réduire la mortalité sur les routes,Nombre de morts sur les routes,nb-morts-routes,01,Ain,2017-01-31,1.0,morts dans l'année
Réduire la mortalité sur les routes,Nombre de morts sur les routes,nb-morts-routes,01,Ain,2017-02-28,5.0,morts dans l'année
Réduire la mortalité sur les routes,Nombre de morts sur les routes,nb-morts-routes,01,Ain,2017-03-31,6.0,morts dans l'année
Réduire la mortalité sur les routes,Nombre de morts sur les routes,nb-morts-routes,01,Ain,2017-04-30,2.0,morts dans l'année
Réduire la mortalité sur les routes,Nombre de morts sur les routes,nb-morts-routes,01,Ain,2017-05-31,4.0,morts dans l'année
Réduire la mortalité sur les routes,Nombre de morts sur les routes,nb-morts-routes,01,Ain,2017-06-30,5.0,morts dans l'année
Réduire la mortalité sur les routes,Nombre de morts sur les routes,nb-morts-routes,01,Ain,2017-07-31,3.0,morts dans l'année
Réduire la mortalité sur les routes,Nombre de morts sur les routes,nb-morts-routes,01,Ain,2017-08-31,3.0,morts dans l'année
Réduire la mortalité sur les routes,Nombre de morts sur les routes,nb-morts-routes,01,Ain,2017-09-30,4.0,morts dans l'année
Réduire la mortalité sur les routes,Nombre de morts sur les routes,nb-morts-routes,01,Ain,2017-10-31,5.0,morts dans l'année
Réduire la mortalité sur les routes,Nombre de morts sur les routes,nb-morts-routes,01,Ain,2017-11-30,2.0,morts dans l'année
Réduire la mortalité sur les routes,Nombre de morts sur les routes,nb-morts-routes,01,Ain,2017-12-31,4.0,morts dans l'année
Réduire la mortalité sur les routes,Nombre de morts sur les routes,nb-morts-routes,01,Ain,2018-01-31,3.0,morts dans l'année
Réduire la mortalité sur les routes,Nombre de morts sur les routes,nb-morts-routes,01,Ain,2018-02-28,5.0,morts dans l'année
Réduire la mortalité sur les routes,Nombre de morts sur les routes,nb-morts-routes,01,Ain,2018-03-31,3.0,morts dans l'année
Réduire la mortalité sur les routes,Nombre de morts sur les routes,nb-morts-routes,01,Ain,2018-04-30,1.0,morts dans l'année
Réduire la mortalité sur les routes,Nombre de morts sur les routes,nb-morts-routes,01,Ain,2018-05-31,1.0,morts dans l'année
Réduire la mortalité sur les routes,Nombre de morts sur les routes,nb-morts-routes,01,Ain,2018-06-30,9.0,morts dans l'année
Réduire la mortalité sur les routes,Nombre de morts sur les routes,nb-morts-routes,01,Ain,2018-07-31,5.0,morts dans l'année
Réduire la mortalité sur les routes,Nombre de morts sur les routes,nb-morts-routes,01,Ain,2018-08-31,1.0,morts dans l'année
Réduire la mortalité sur les routes,Nombre de morts sur les routes,nb-morts-routes,01,Ain,2018-09-30,3.0,morts dans l'année
Réduire la mortalité sur les routes,Nombre de morts sur les routes,nb-morts-routes,01,Ain,2018-10-31,0.0,morts dans l'année
Réduire la mortalité sur les routes,Nombre de morts sur les routes,nb-morts-routes,01,Ain,2018-11-30,3.0,morts dans l'année
Réduire la mortalité sur les routes,Nombre de morts sur les routes,nb-morts-routes,01,Ain,2018-12-31,2.0,morts dans l'année
Réduire la mortalité sur les routes,Nombre de morts sur les routes,nb-morts-routes,01,Ain,2019-01-31,1.0,morts dans l'année
Réduire la mortalité sur les routes,Nombre de morts sur les routes,nb-morts-routes,01,Ain,2019-02-28,2.0,morts dans l'année
Réduire la mortalité sur les routes,Nombre de morts sur les routes,nb-morts-routes,01,Ain,2019-03-31,5.0,morts dans l'année
Réduire la mortalité sur les routes,Nombre de morts sur les routes,nb-morts-routes,01,Ain,2019-04-30,1.0,morts dans l'année
Réduire la mortalité sur les routes,Nombre de morts sur les routes,nb-morts-routes,01,Ain,2019-05-31,2.0,morts dans l'année
Réduire la mortalité sur les routes,Nombre de morts sur les routes,nb-morts-routes,01,Ain,2019-06-30,6.0,morts dans l'année
Réduire la mortalité sur les routes,Nombre de morts sur les routes,nb-morts-routes,01,Ain,2019-07-31,2.0,morts dans l'année
Réduire la mortalité sur les routes,Nombre de morts sur les routes,nb-morts-routes,01,Ain,2019-08-31,4.0,morts dans l'année
Réduire la mortalité sur les routes,Nombre de morts sur les routes,nb-morts-routes,01,Ain,2019-09-30,2.0,morts dans l'année
Réduire la mortalité sur les routes,Nombre de morts sur les routes,nb-morts-routes,01,Ain,2019-10-31,3.0,morts dans l'année
Réduire la mortalité sur les routes,Nombre de morts sur les routes,nb-morts-routes,01,Ain,2019-11-30,4.0,morts dans l'année
Réduire la mortalité sur les routes,Nombre de morts sur les routes,nb-morts-routes,01,Ain,2019-12-31,2.0,morts dans l'année
Réduire la mortalité sur les routes,Nombre de morts sur les routes,nb-morts-routes,01,Ain,2020-01-31,5.0,morts dans l'année
Réduire la mortalité sur les routes,Nombre de morts sur les routes,nb-morts-routes,01,Ain,2020-02-29,4.0,morts dans l'année
Réduire la mortalité sur les routes,Nombre de morts sur les routes,nb-morts-routes,01,Ain,2020-03-31,3.0,morts dans l'année
Réduire la mortalité sur les routes,Nombre de morts sur les routes,nb-morts-routes,01,Ain,2020-04-30,3.0,morts dans l'année
Réduire la mortalité sur les routes,Nombre de morts sur les routes,nb-morts-routes,01,Ain,2020-05-31,1.0,morts dans l'année
Réduire la mortalité sur les routes,Nombre de morts sur les routes,nb-morts-routes,01,Ain,2020-06-30,1.0,morts dans l'année
Réduire la mortalité sur les routes,Nombre de morts sur les routes,nb-morts-routes,01,Ain,2020-07-31,3.0,morts dans l'année
Réduire la mortalité sur les routes,Nombre de morts sur les routes,nb-morts-routes,01,Ain,2020-08-31,5.0,morts dans l'année
Réduire la mortalité sur les routes,Nombre de morts sur les routes,nb-morts-routes,01,Ain,2020-09-30,3.0,morts dans l'année
Réduire la mortalité sur les routes,Nombre de morts sur les routes,nb-morts-routes,01,Ain,2020-10-31,8.0,morts dans l'année
