mesure,indicateur,id_indicateur,code_departement,libelle_departement,date,valeur,unite
Simplifier l’accès aux droits des personnes handicapées,Durée moyenne de traitement pour les demandes d’allocation adulte handicapé,duree-moyenne-traitement-demandes-allocation-adulte-handicape,51,Marne,2017-12-31,3.9,mois de traitement
Simplifier l’accès aux droits des personnes handicapées,Durée moyenne de traitement pour les demandes d’allocation adulte handicapé,duree-moyenne-traitement-demandes-allocation-adulte-handicape,51,Marne,2018-12-31,4.1,mois de traitement
Simplifier l’accès aux droits des personnes handicapées,Durée moyenne de traitement pour les demandes d’allocation adulte handicapé,duree-moyenne-traitement-demandes-allocation-adulte-handicape,51,Marne,2019-12-31,3.2,mois de traitement
Simplifier l’accès aux droits des personnes handicapées,Durée moyenne de traitement pour les demandes d’allocation adulte handicapé,duree-moyenne-traitement-demandes-allocation-adulte-handicape,51,Marne,2020-09-30,3.2,mois de traitement
Supprimer la taxe d’habitation sur les résidences principales,Nombre de bénéficiaires totalement exonérés,nb-beneficiaires-suppression-taxe-habitation,51,Marne,2018-12-31,37851.0,bénéficiaires
Supprimer la taxe d’habitation sur les résidences principales,Nombre de bénéficiaires totalement exonérés,nb-beneficiaires-suppression-taxe-habitation,51,Marne,2019-12-31,38591.0,bénéficiaires
Supprimer la taxe d’habitation sur les résidences principales,Nombre de bénéficiaires totalement exonérés,nb-beneficiaires-suppression-taxe-habitation,51,Marne,2020-12-31,196405.0,bénéficiaires
Déployer Parcoursup ,Taux de réussite aux examens de licence 1,tx-reussite-examens,51,Marne,2017-10-31,35.0,% de réussite
Déployer Parcoursup ,Taux de réussite aux examens de licence 1,tx-reussite-examens,51,Marne,2019-10-31,38.0,% de réussite
Renforcer la sécurité du quotidien,Nombre d’heures de patrouille de voie publique,nb-heures-patrouille,51,Marne,2020-01-31,44577.0,heures de patrouille dans l'année
Renforcer la sécurité du quotidien,Nombre d’heures de patrouille de voie publique,nb-heures-patrouille,51,Marne,2020-02-29,40402.0,heures de patrouille dans l'année
Renforcer la sécurité du quotidien,Nombre d’heures de patrouille de voie publique,nb-heures-patrouille,51,Marne,2020-03-31,45012.0,heures de patrouille dans l'année
Renforcer la sécurité du quotidien,Nombre d’heures de patrouille de voie publique,nb-heures-patrouille,51,Marne,2020-04-30,46194.0,heures de patrouille dans l'année
Renforcer la sécurité du quotidien,Nombre d’heures de patrouille de voie publique,nb-heures-patrouille,51,Marne,2020-05-31,48448.0,heures de patrouille dans l'année
Renforcer la sécurité du quotidien,Nombre d’heures de patrouille de voie publique,nb-heures-patrouille,51,Marne,2020-06-30,40447.0,heures de patrouille dans l'année
Renforcer la sécurité du quotidien,Nombre d’heures de patrouille de voie publique,nb-heures-patrouille,51,Marne,2020-07-31,42058.0,heures de patrouille dans l'année
Renforcer la sécurité du quotidien,Nombre d’heures de patrouille de voie publique,nb-heures-patrouille,51,Marne,2020-08-31,41643.0,heures de patrouille dans l'année
Renforcer la sécurité du quotidien,Nombre d’heures de patrouille de voie publique,nb-heures-patrouille,51,Marne,2020-09-30,45017.0,heures de patrouille dans l'année
Renforcer la sécurité du quotidien,Nombre d’heures de patrouille de voie publique,nb-heures-patrouille,51,Marne,2020-10-31,48480.0,heures de patrouille dans l'année
Assurer une bonne couverture en internet fixe et en téléphonie mobile pour tous les Français d'ici 2022,Taux de déploiement de la fibre,taux-deploiement-fibre,51,Marne,2017-12-31,25.0,% de déploiement
Assurer une bonne couverture en internet fixe et en téléphonie mobile pour tous les Français d'ici 2022,Taux de déploiement de la fibre,taux-deploiement-fibre,51,Marne,2018-03-31,26.0,% de déploiement
Assurer une bonne couverture en internet fixe et en téléphonie mobile pour tous les Français d'ici 2022,Taux de déploiement de la fibre,taux-deploiement-fibre,51,Marne,2018-06-30,26.0,% de déploiement
Assurer une bonne couverture en internet fixe et en téléphonie mobile pour tous les Français d'ici 2022,Taux de déploiement de la fibre,taux-deploiement-fibre,51,Marne,2018-09-30,28.0,% de déploiement
Assurer une bonne couverture en internet fixe et en téléphonie mobile pour tous les Français d'ici 2022,Taux de déploiement de la fibre,taux-deploiement-fibre,51,Marne,2018-12-31,31.0,% de déploiement
Assurer une bonne couverture en internet fixe et en téléphonie mobile pour tous les Français d'ici 2022,Taux de déploiement de la fibre,taux-deploiement-fibre,51,Marne,2019-03-31,33.0,% de déploiement
Assurer une bonne couverture en internet fixe et en téléphonie mobile pour tous les Français d'ici 2022,Taux de déploiement de la fibre,taux-deploiement-fibre,51,Marne,2019-06-30,34.0,% de déploiement
Assurer une bonne couverture en internet fixe et en téléphonie mobile pour tous les Français d'ici 2022,Taux de déploiement de la fibre,taux-deploiement-fibre,51,Marne,2019-09-30,36.0,% de déploiement
Assurer une bonne couverture en internet fixe et en téléphonie mobile pour tous les Français d'ici 2022,Taux de déploiement de la fibre,taux-deploiement-fibre,51,Marne,2019-12-31,38.0,% de déploiement
Assurer une bonne couverture en internet fixe et en téléphonie mobile pour tous les Français d'ici 2022,Taux de déploiement de la fibre,taux-deploiement-fibre,51,Marne,2020-03-31,42.0,% de déploiement
Assurer une bonne couverture en internet fixe et en téléphonie mobile pour tous les Français d'ici 2022,Taux de déploiement de la fibre,taux-deploiement-fibre,51,Marne,2020-06-30,48.0,% de déploiement
Offrir un logement aux sans-abri : Logement d’abord,Nombre de personnes sans-abri ou en hébergement ayant obtenu un logement social,logement-sans-domicile-hebergement-urgence,51,Marne,2018-06-30,52.0,personnes dans l'année
Offrir un logement aux sans-abri : Logement d’abord,Nombre de personnes sans-abri ou en hébergement ayant obtenu un logement social,logement-sans-domicile-hebergement-urgence,51,Marne,2018-07-31,64.0,personnes dans l'année
Offrir un logement aux sans-abri : Logement d’abord,Nombre de personnes sans-abri ou en hébergement ayant obtenu un logement social,logement-sans-domicile-hebergement-urgence,51,Marne,2018-08-31,75.0,personnes dans l'année
Offrir un logement aux sans-abri : Logement d’abord,Nombre de personnes sans-abri ou en hébergement ayant obtenu un logement social,logement-sans-domicile-hebergement-urgence,51,Marne,2018-09-30,40.0,personnes dans l'année
Offrir un logement aux sans-abri : Logement d’abord,Nombre de personnes sans-abri ou en hébergement ayant obtenu un logement social,logement-sans-domicile-hebergement-urgence,51,Marne,2018-10-31,44.0,personnes dans l'année
Offrir un logement aux sans-abri : Logement d’abord,Nombre de personnes sans-abri ou en hébergement ayant obtenu un logement social,logement-sans-domicile-hebergement-urgence,51,Marne,2018-11-30,33.0,personnes dans l'année
Offrir un logement aux sans-abri : Logement d’abord,Nombre de personnes sans-abri ou en hébergement ayant obtenu un logement social,logement-sans-domicile-hebergement-urgence,51,Marne,2018-12-31,48.0,personnes dans l'année
Offrir un logement aux sans-abri : Logement d’abord,Nombre de personnes sans-abri ou en hébergement ayant obtenu un logement social,logement-sans-domicile-hebergement-urgence,51,Marne,2019-01-31,42.0,personnes dans l'année
Offrir un logement aux sans-abri : Logement d’abord,Nombre de personnes sans-abri ou en hébergement ayant obtenu un logement social,logement-sans-domicile-hebergement-urgence,51,Marne,2019-02-28,22.0,personnes dans l'année
Offrir un logement aux sans-abri : Logement d’abord,Nombre de personnes sans-abri ou en hébergement ayant obtenu un logement social,logement-sans-domicile-hebergement-urgence,51,Marne,2019-03-31,24.0,personnes dans l'année
Offrir un logement aux sans-abri : Logement d’abord,Nombre de personnes sans-abri ou en hébergement ayant obtenu un logement social,logement-sans-domicile-hebergement-urgence,51,Marne,2019-04-30,9.0,personnes dans l'année
Offrir un logement aux sans-abri : Logement d’abord,Nombre de personnes sans-abri ou en hébergement ayant obtenu un logement social,logement-sans-domicile-hebergement-urgence,51,Marne,2019-05-31,44.0,personnes dans l'année
Offrir un logement aux sans-abri : Logement d’abord,Nombre de personnes sans-abri ou en hébergement ayant obtenu un logement social,logement-sans-domicile-hebergement-urgence,51,Marne,2019-06-30,26.0,personnes dans l'année
Offrir un logement aux sans-abri : Logement d’abord,Nombre de personnes sans-abri ou en hébergement ayant obtenu un logement social,logement-sans-domicile-hebergement-urgence,51,Marne,2019-07-31,35.0,personnes dans l'année
Offrir un logement aux sans-abri : Logement d’abord,Nombre de personnes sans-abri ou en hébergement ayant obtenu un logement social,logement-sans-domicile-hebergement-urgence,51,Marne,2019-08-31,22.0,personnes dans l'année
Offrir un logement aux sans-abri : Logement d’abord,Nombre de personnes sans-abri ou en hébergement ayant obtenu un logement social,logement-sans-domicile-hebergement-urgence,51,Marne,2019-09-30,40.0,personnes dans l'année
Offrir un logement aux sans-abri : Logement d’abord,Nombre de personnes sans-abri ou en hébergement ayant obtenu un logement social,logement-sans-domicile-hebergement-urgence,51,Marne,2019-10-31,31.0,personnes dans l'année
Offrir un logement aux sans-abri : Logement d’abord,Nombre de personnes sans-abri ou en hébergement ayant obtenu un logement social,logement-sans-domicile-hebergement-urgence,51,Marne,2019-11-30,22.0,personnes dans l'année
Offrir un logement aux sans-abri : Logement d’abord,Nombre de personnes sans-abri ou en hébergement ayant obtenu un logement social,logement-sans-domicile-hebergement-urgence,51,Marne,2019-12-31,46.0,personnes dans l'année
Offrir un logement aux sans-abri : Logement d’abord,Nombre de personnes sans-abri ou en hébergement ayant obtenu un logement social,logement-sans-domicile-hebergement-urgence,51,Marne,2020-01-31,33.0,personnes dans l'année
Offrir un logement aux sans-abri : Logement d’abord,Nombre de personnes sans-abri ou en hébergement ayant obtenu un logement social,logement-sans-domicile-hebergement-urgence,51,Marne,2020-02-29,22.0,personnes dans l'année
Offrir un logement aux sans-abri : Logement d’abord,Nombre de personnes sans-abri ou en hébergement ayant obtenu un logement social,logement-sans-domicile-hebergement-urgence,51,Marne,2020-03-31,24.0,personnes dans l'année
Offrir un logement aux sans-abri : Logement d’abord,Nombre de personnes sans-abri ou en hébergement ayant obtenu un logement social,logement-sans-domicile-hebergement-urgence,51,Marne,2020-04-30,0.0,personnes dans l'année
Offrir un logement aux sans-abri : Logement d’abord,Nombre de personnes sans-abri ou en hébergement ayant obtenu un logement social,logement-sans-domicile-hebergement-urgence,51,Marne,2020-05-31,22.0,personnes dans l'année
Offrir un logement aux sans-abri : Logement d’abord,Nombre de personnes sans-abri ou en hébergement ayant obtenu un logement social,logement-sans-domicile-hebergement-urgence,51,Marne,2020-06-30,42.0,personnes dans l'année
Offrir un logement aux sans-abri : Logement d’abord,Nombre de personnes sans-abri ou en hébergement ayant obtenu un logement social,logement-sans-domicile-hebergement-urgence,51,Marne,2020-07-31,44.0,personnes dans l'année
Offrir un logement aux sans-abri : Logement d’abord,Nombre de personnes sans-abri ou en hébergement ayant obtenu un logement social,logement-sans-domicile-hebergement-urgence,51,Marne,2020-08-31,40.0,personnes dans l'année
Offrir un logement aux sans-abri : Logement d’abord,Nombre de personnes sans-abri ou en hébergement ayant obtenu un logement social,logement-sans-domicile-hebergement-urgence,51,Marne,2020-09-30,44.0,personnes dans l'année
"Proposer une offre de lunettes, appareils auditifs et prothèses dentaires remboursée à 100%",Part des équipements/soins 100% santé dans le total des soins dentaires,tx-equipements-dentaire,51,Marne,2019-04-30,30.73,%
"Proposer une offre de lunettes, appareils auditifs et prothèses dentaires remboursée à 100%",Part des équipements/soins 100% santé dans le total des soins dentaires,tx-equipements-dentaire,51,Marne,2019-05-31,43.55,%
"Proposer une offre de lunettes, appareils auditifs et prothèses dentaires remboursée à 100%",Part des équipements/soins 100% santé dans le total des soins dentaires,tx-equipements-dentaire,51,Marne,2019-06-30,43.68,%
"Proposer une offre de lunettes, appareils auditifs et prothèses dentaires remboursée à 100%",Part des équipements/soins 100% santé dans le total des soins dentaires,tx-equipements-dentaire,51,Marne,2019-07-31,46.55,%
"Proposer une offre de lunettes, appareils auditifs et prothèses dentaires remboursée à 100%",Part des équipements/soins 100% santé dans le total des soins dentaires,tx-equipements-dentaire,51,Marne,2019-08-31,45.25,%
"Proposer une offre de lunettes, appareils auditifs et prothèses dentaires remboursée à 100%",Part des équipements/soins 100% santé dans le total des soins dentaires,tx-equipements-dentaire,51,Marne,2019-09-30,48.98,%
"Proposer une offre de lunettes, appareils auditifs et prothèses dentaires remboursée à 100%",Part des équipements/soins 100% santé dans le total des soins dentaires,tx-equipements-dentaire,51,Marne,2019-10-31,44.55,%
"Proposer une offre de lunettes, appareils auditifs et prothèses dentaires remboursée à 100%",Part des équipements/soins 100% santé dans le total des soins dentaires,tx-equipements-dentaire,51,Marne,2019-11-30,43.68,%
"Proposer une offre de lunettes, appareils auditifs et prothèses dentaires remboursée à 100%",Part des équipements/soins 100% santé dans le total des soins dentaires,tx-equipements-dentaire,51,Marne,2019-12-31,42.86,%
"Proposer une offre de lunettes, appareils auditifs et prothèses dentaires remboursée à 100%",Part des équipements/soins 100% santé dans le total des soins dentaires,tx-equipements-dentaire,51,Marne,2020-01-31,50.01,%
"Proposer une offre de lunettes, appareils auditifs et prothèses dentaires remboursée à 100%",Part des équipements/soins 100% santé dans le total des soins dentaires,tx-equipements-dentaire,51,Marne,2020-02-29,52.21,%
"Proposer une offre de lunettes, appareils auditifs et prothèses dentaires remboursée à 100%",Part des équipements/soins 100% santé dans le total des soins dentaires,tx-equipements-dentaire,51,Marne,2020-03-31,53.24,%
"Proposer une offre de lunettes, appareils auditifs et prothèses dentaires remboursée à 100%",Part des équipements/soins 100% santé dans le total des soins dentaires,tx-equipements-dentaire,51,Marne,2020-04-30,52.26,%
"Proposer une offre de lunettes, appareils auditifs et prothèses dentaires remboursée à 100%",Part des équipements/soins 100% santé dans le total des soins dentaires,tx-equipements-dentaire,51,Marne,2020-05-31,56.28,%
"Proposer une offre de lunettes, appareils auditifs et prothèses dentaires remboursée à 100%",Part des équipements/soins 100% santé dans le total des soins dentaires,tx-equipements-dentaire,51,Marne,2020-06-30,56.64,%
"Proposer une offre de lunettes, appareils auditifs et prothèses dentaires remboursée à 100%",Part des équipements/soins 100% santé dans le total des soins dentaires,tx-equipements-dentaire,51,Marne,2020-07-31,55.07,%
"Proposer une offre de lunettes, appareils auditifs et prothèses dentaires remboursée à 100%",Part des équipements/soins 100% santé dans le total des soins dentaires,tx-equipements-dentaire,51,Marne,2020-08-31,60.4,%
"Proposer une offre de lunettes, appareils auditifs et prothèses dentaires remboursée à 100%",Part des équipements/soins 100% santé dans le total des soins dentaires,tx-equipements-dentaire,51,Marne,2020-09-30,59.48,%
"Proposer une offre de lunettes, appareils auditifs et prothèses dentaires remboursée à 100%",Part des équipements/soins auditives 100% santé dans le total des soins,tx-equipements-audio,51,Marne,2019-01-31,10.04,%
"Proposer une offre de lunettes, appareils auditifs et prothèses dentaires remboursée à 100%",Part des équipements/soins auditives 100% santé dans le total des soins,tx-equipements-audio,51,Marne,2019-02-28,12.7,%
"Proposer une offre de lunettes, appareils auditifs et prothèses dentaires remboursée à 100%",Part des équipements/soins auditives 100% santé dans le total des soins,tx-equipements-audio,51,Marne,2019-03-31,11.41,%
"Proposer une offre de lunettes, appareils auditifs et prothèses dentaires remboursée à 100%",Part des équipements/soins auditives 100% santé dans le total des soins,tx-equipements-audio,51,Marne,2019-04-30,11.37,%
"Proposer une offre de lunettes, appareils auditifs et prothèses dentaires remboursée à 100%",Part des équipements/soins auditives 100% santé dans le total des soins,tx-equipements-audio,51,Marne,2019-05-31,12.76,%
"Proposer une offre de lunettes, appareils auditifs et prothèses dentaires remboursée à 100%",Part des équipements/soins auditives 100% santé dans le total des soins,tx-equipements-audio,51,Marne,2019-06-30,12.69,%
"Proposer une offre de lunettes, appareils auditifs et prothèses dentaires remboursée à 100%",Part des équipements/soins auditives 100% santé dans le total des soins,tx-equipements-audio,51,Marne,2019-07-31,11.26,%
"Proposer une offre de lunettes, appareils auditifs et prothèses dentaires remboursée à 100%",Part des équipements/soins auditives 100% santé dans le total des soins,tx-equipements-audio,51,Marne,2019-08-31,17.2,%
"Proposer une offre de lunettes, appareils auditifs et prothèses dentaires remboursée à 100%",Part des équipements/soins auditives 100% santé dans le total des soins,tx-equipements-audio,51,Marne,2019-09-30,11.62,%
"Proposer une offre de lunettes, appareils auditifs et prothèses dentaires remboursée à 100%",Part des équipements/soins auditives 100% santé dans le total des soins,tx-equipements-audio,51,Marne,2019-10-31,11.54,%
"Proposer une offre de lunettes, appareils auditifs et prothèses dentaires remboursée à 100%",Part des équipements/soins auditives 100% santé dans le total des soins,tx-equipements-audio,51,Marne,2019-11-30,10.5,%
"Proposer une offre de lunettes, appareils auditifs et prothèses dentaires remboursée à 100%",Part des équipements/soins auditives 100% santé dans le total des soins,tx-equipements-audio,51,Marne,2019-12-31,7.46,%
"Proposer une offre de lunettes, appareils auditifs et prothèses dentaires remboursée à 100%",Part des équipements/soins auditives 100% santé dans le total des soins,tx-equipements-audio,51,Marne,2020-01-31,8.53,%
"Proposer une offre de lunettes, appareils auditifs et prothèses dentaires remboursée à 100%",Part des équipements/soins auditives 100% santé dans le total des soins,tx-equipements-audio,51,Marne,2020-02-29,10.69,%
"Proposer une offre de lunettes, appareils auditifs et prothèses dentaires remboursée à 100%",Part des équipements/soins auditives 100% santé dans le total des soins,tx-equipements-audio,51,Marne,2020-03-31,9.46,%
"Proposer une offre de lunettes, appareils auditifs et prothèses dentaires remboursée à 100%",Part des équipements/soins auditives 100% santé dans le total des soins,tx-equipements-audio,51,Marne,2020-04-30,16.46,%
"Proposer une offre de lunettes, appareils auditifs et prothèses dentaires remboursée à 100%",Part des équipements/soins auditives 100% santé dans le total des soins,tx-equipements-audio,51,Marne,2020-05-31,10.67,%
"Proposer une offre de lunettes, appareils auditifs et prothèses dentaires remboursée à 100%",Part des équipements/soins auditives 100% santé dans le total des soins,tx-equipements-audio,51,Marne,2020-06-30,11.49,%
"Proposer une offre de lunettes, appareils auditifs et prothèses dentaires remboursée à 100%",Part des équipements/soins auditives 100% santé dans le total des soins,tx-equipements-audio,51,Marne,2020-07-31,10.36,%
"Proposer une offre de lunettes, appareils auditifs et prothèses dentaires remboursée à 100%",Part des équipements/soins auditives 100% santé dans le total des soins,tx-equipements-audio,51,Marne,2020-08-31,13.29,%
"Proposer une offre de lunettes, appareils auditifs et prothèses dentaires remboursée à 100%",Part des équipements/soins auditives 100% santé dans le total des soins,tx-equipements-audio,51,Marne,2020-09-30,5.86,%
"Proposer une offre de lunettes, appareils auditifs et prothèses dentaires remboursée à 100%",Part des équipements/soins auditives 100% santé dans le total des soins,tx-equipements-audio,51,Marne,2020-10-31,9.44,%
"Proposer une offre de lunettes, appareils auditifs et prothèses dentaires remboursée à 100%",Part des équipements/soins 100% santé dans le total des soins optiques,tx-equipements-optique,51,Marne,2020-01-31,10.74,%
"Proposer une offre de lunettes, appareils auditifs et prothèses dentaires remboursée à 100%",Part des équipements/soins 100% santé dans le total des soins optiques,tx-equipements-optique,51,Marne,2020-02-29,8.8,%
"Proposer une offre de lunettes, appareils auditifs et prothèses dentaires remboursée à 100%",Part des équipements/soins 100% santé dans le total des soins optiques,tx-equipements-optique,51,Marne,2020-03-31,7.84,%
"Proposer une offre de lunettes, appareils auditifs et prothèses dentaires remboursée à 100%",Part des équipements/soins 100% santé dans le total des soins optiques,tx-equipements-optique,51,Marne,2020-04-30,5.64,%
"Proposer une offre de lunettes, appareils auditifs et prothèses dentaires remboursée à 100%",Part des équipements/soins 100% santé dans le total des soins optiques,tx-equipements-optique,51,Marne,2020-05-31,9.48,%
"Proposer une offre de lunettes, appareils auditifs et prothèses dentaires remboursée à 100%",Part des équipements/soins 100% santé dans le total des soins optiques,tx-equipements-optique,51,Marne,2020-06-30,9.36,%
"Proposer une offre de lunettes, appareils auditifs et prothèses dentaires remboursée à 100%",Part des équipements/soins 100% santé dans le total des soins optiques,tx-equipements-optique,51,Marne,2020-07-31,8.7,%
"Proposer une offre de lunettes, appareils auditifs et prothèses dentaires remboursée à 100%",Part des équipements/soins 100% santé dans le total des soins optiques,tx-equipements-optique,51,Marne,2020-08-31,9.64,%
"Proposer une offre de lunettes, appareils auditifs et prothèses dentaires remboursée à 100%",Part des équipements/soins 100% santé dans le total des soins optiques,tx-equipements-optique,51,Marne,2020-09-30,9.57,%
"Proposer une offre de lunettes, appareils auditifs et prothèses dentaires remboursée à 100%",Part des équipements/soins 100% santé dans le total des soins optiques,tx-equipements-optique,51,Marne,2020-10-31,9.5,%
Mettre en œuvre la sortie du plastique à usage unique et lutter contre le gaspillage,Nombre de Français qui peuvent mettre tous les emballages dans le bac jaune,nb-francais-emballages-bac-jaune,51,Marne,2017-06-30,0.0,habitants
Mettre en œuvre la sortie du plastique à usage unique et lutter contre le gaspillage,Nombre de Français qui peuvent mettre tous les emballages dans le bac jaune,nb-francais-emballages-bac-jaune,51,Marne,2017-12-31,0.0,habitants
Mettre en œuvre la sortie du plastique à usage unique et lutter contre le gaspillage,Nombre de Français qui peuvent mettre tous les emballages dans le bac jaune,nb-francais-emballages-bac-jaune,51,Marne,2018-06-30,0.0,habitants
Mettre en œuvre la sortie du plastique à usage unique et lutter contre le gaspillage,Nombre de Français qui peuvent mettre tous les emballages dans le bac jaune,nb-francais-emballages-bac-jaune,51,Marne,2018-12-31,0.0,habitants
Mettre en œuvre la sortie du plastique à usage unique et lutter contre le gaspillage,Nombre de Français qui peuvent mettre tous les emballages dans le bac jaune,nb-francais-emballages-bac-jaune,51,Marne,2019-06-30,0.0,habitants
Mettre en œuvre la sortie du plastique à usage unique et lutter contre le gaspillage,Nombre de Français qui peuvent mettre tous les emballages dans le bac jaune,nb-francais-emballages-bac-jaune,51,Marne,2019-12-31,0.0,habitants
Mettre en œuvre la sortie du plastique à usage unique et lutter contre le gaspillage,Nombre de Français qui peuvent mettre tous les emballages dans le bac jaune,nb-francais-emballages-bac-jaune,51,Marne,2020-06-30,0.0,habitants
Verdir le parc automobile,Nombre de primes à la conversion et de bonus écologiques,nb-primes-conversion,51,Marne,2018-03-31,129.0,primes et bonus
Verdir le parc automobile,Nombre de primes à la conversion et de bonus écologiques,nb-primes-conversion,51,Marne,2018-06-30,687.0,primes et bonus
Verdir le parc automobile,Nombre de primes à la conversion et de bonus écologiques,nb-primes-conversion,51,Marne,2018-09-30,1309.0,primes et bonus
Verdir le parc automobile,Nombre de primes à la conversion et de bonus écologiques,nb-primes-conversion,51,Marne,2018-12-31,2167.0,primes et bonus
Verdir le parc automobile,Nombre de primes à la conversion et de bonus écologiques,nb-primes-conversion,51,Marne,2019-03-31,2901.0,primes et bonus
Verdir le parc automobile,Nombre de primes à la conversion et de bonus écologiques,nb-primes-conversion,51,Marne,2019-06-30,3739.0,primes et bonus
Verdir le parc automobile,Nombre de primes à la conversion et de bonus écologiques,nb-primes-conversion,51,Marne,2019-09-30,4506.0,primes et bonus
Verdir le parc automobile,Nombre de primes à la conversion et de bonus écologiques,nb-primes-conversion,51,Marne,2019-12-31,4928.0,primes et bonus
Verdir le parc automobile,Nombre de primes à la conversion et de bonus écologiques,nb-primes-conversion,51,Marne,2020-03-31,5182.0,primes et bonus
Verdir le parc automobile,Nombre de primes à la conversion et de bonus écologiques,nb-primes-conversion,51,Marne,2020-06-30,5360.0,primes et bonus
Verdir le parc automobile,Nombre de primes à la conversion et de bonus écologiques,nb-primes-conversion,51,Marne,2020-09-30,6353.0,primes et bonus
Déployer le plan vélo,Kilomètres d'aménagements cyclables sécurisés,km-amenagement-cyclables-securises,51,Marne,2017-12-31,341.0,kilomètres
Déployer le plan vélo,Kilomètres d'aménagements cyclables sécurisés,km-amenagement-cyclables-securises,51,Marne,2018-12-31,353.0,kilomètres
Déployer le plan vélo,Kilomètres d'aménagements cyclables sécurisés,km-amenagement-cyclables-securises,51,Marne,2019-12-31,347.0,kilomètres
Déployer le plan vélo,Kilomètres d'aménagements cyclables sécurisés,km-amenagement-cyclables-securises,51,Marne,2020-09-30,441.0,kilomètres
Déployer une offre France Services dans tous les territoires ,Nombre de labellisations (atteinte de l'objectif fixé),nb-labellisations-france-services,51,Marne,2020-01-31,4.0,labellisations
Déployer une offre France Services dans tous les territoires ,Nombre de labellisations (atteinte de l'objectif fixé),nb-labellisations-france-services,51,Marne,2020-02-29,6.0,labellisations
Déployer une offre France Services dans tous les territoires ,Nombre de labellisations (atteinte de l'objectif fixé),nb-labellisations-france-services,51,Marne,2020-03-31,6.0,labellisations
Déployer une offre France Services dans tous les territoires ,Nombre de labellisations (atteinte de l'objectif fixé),nb-labellisations-france-services,51,Marne,2020-04-30,6.0,labellisations
Déployer une offre France Services dans tous les territoires ,Nombre de labellisations (atteinte de l'objectif fixé),nb-labellisations-france-services,51,Marne,2020-05-31,6.0,labellisations
Déployer une offre France Services dans tous les territoires ,Nombre de labellisations (atteinte de l'objectif fixé),nb-labellisations-france-services,51,Marne,2020-06-30,6.0,labellisations
Déployer une offre France Services dans tous les territoires ,Nombre de labellisations (atteinte de l'objectif fixé),nb-labellisations-france-services,51,Marne,2020-07-31,6.0,labellisations
Déployer une offre France Services dans tous les territoires ,Nombre de labellisations (atteinte de l'objectif fixé),nb-labellisations-france-services,51,Marne,2020-08-31,6.0,labellisations
Déployer une offre France Services dans tous les territoires ,Nombre de labellisations (atteinte de l'objectif fixé),nb-labellisations-france-services,51,Marne,2020-09-30,8.0,labellisations
Déployer une offre France Services dans tous les territoires ,Nombre de labellisations (atteinte de l'objectif fixé),nb-labellisations-france-services,51,Marne,2020-10-31,8.0,labellisations
Déployer une offre France Services dans tous les territoires ,Nombre de labellisations (atteinte de l'objectif fixé),nb-labellisations-france-services,51,Marne,2020-11-30,8.0,labellisations
Améliorer la qualité du service rendu à l’usager,Part des lieux d’accueil du public qui publient leurs résultats,tx-transparence-resultats,51,Marne,2017-12-31,11.0,% de réseaux
Améliorer la qualité du service rendu à l’usager,Part des lieux d’accueil du public qui publient leurs résultats,tx-transparence-resultats,51,Marne,2018-12-31,63.0,% de réseaux
Améliorer la qualité du service rendu à l’usager,Part des lieux d’accueil du public qui publient leurs résultats,tx-transparence-resultats,51,Marne,2019-12-31,74.0,% de réseaux
Développer l’apprentissage,Nombre de contrats d’apprentissage,nombre-contrats-apprentissage,51,Marne,2017-12-31,2422.0,contrats
Développer l’apprentissage,Nombre de contrats d’apprentissage,nombre-contrats-apprentissage,51,Marne,2018-12-31,2534.0,contrats
Développer l’apprentissage,Nombre de contrats d’apprentissage,nombre-contrats-apprentissage,51,Marne,2019-12-31,2746.0,contrats
Allonger le congé paternité pour un meilleur développement de l’enfant,Nombre de pères / conjoints prenant un congé de paternité et d’accueil de l’enfant,nb-peres-conge-paternite,51,Marne,2019-03-31,732.0,pères dans l'année
Allonger le congé paternité pour un meilleur développement de l’enfant,Nombre de pères / conjoints prenant un congé de paternité et d’accueil de l’enfant,nb-peres-conge-paternite,51,Marne,2019-06-30,613.0,pères dans l'année
Allonger le congé paternité pour un meilleur développement de l’enfant,Nombre de pères / conjoints prenant un congé de paternité et d’accueil de l’enfant,nb-peres-conge-paternite,51,Marne,2019-09-30,739.0,pères dans l'année
Allonger le congé paternité pour un meilleur développement de l’enfant,Nombre de pères / conjoints prenant un congé de paternité et d’accueil de l’enfant,nb-peres-conge-paternite,51,Marne,2019-12-31,699.0,pères dans l'année
Allonger le congé paternité pour un meilleur développement de l’enfant,Nombre de pères / conjoints prenant un congé de paternité et d’accueil de l’enfant,nb-peres-conge-paternite,51,Marne,2020-03-31,665.0,pères dans l'année
Allonger le congé paternité pour un meilleur développement de l’enfant,Nombre de pères / conjoints prenant un congé de paternité et d’accueil de l’enfant,nb-peres-conge-paternite,51,Marne,2020-06-30,486.0,pères dans l'année
"Limiter les classes à 24 en grande section, CP, CE1","Part des classes de GS, CP ou CE1 ayant un effectif inférieur ou égal à 24 élèves",tx-classes-cp-ce1,51,Marne,2019-09-30,74.0,% des classes
"Limiter les classes à 24 en grande section, CP, CE1","Part des classes de GS, CP ou CE1 ayant un effectif inférieur ou égal à 24 élèves",tx-classes-cp-ce1,51,Marne,2020-09-30,81.0,% des classes
Doubler le nombre de maisons de santé,Nombre de maisons de santé pluri-professionnelles,nb-maisons-sante,51,Marne,2017-06-30,12.0,maisons de santé
Doubler le nombre de maisons de santé,Nombre de maisons de santé pluri-professionnelles,nb-maisons-sante,51,Marne,2017-12-31,12.0,maisons de santé
Doubler le nombre de maisons de santé,Nombre de maisons de santé pluri-professionnelles,nb-maisons-sante,51,Marne,2018-06-30,12.0,maisons de santé
Doubler le nombre de maisons de santé,Nombre de maisons de santé pluri-professionnelles,nb-maisons-sante,51,Marne,2018-12-31,12.0,maisons de santé
Doubler le nombre de maisons de santé,Nombre de maisons de santé pluri-professionnelles,nb-maisons-sante,51,Marne,2019-06-30,13.0,maisons de santé
Doubler le nombre de maisons de santé,Nombre de maisons de santé pluri-professionnelles,nb-maisons-sante,51,Marne,2019-12-31,14.0,maisons de santé
Doubler le nombre de maisons de santé,Nombre de maisons de santé pluri-professionnelles,nb-maisons-sante,51,Marne,2020-06-30,14.0,maisons de santé
Lutter contre les stupéfiants,Nombre d'amendes forfaitaires délictuelles dressées,nb-amendes-delictuelles-dressees,51,Marne,2020-06-30,17.0,amendes dressées dans l'année
Lutter contre les stupéfiants,Nombre d'amendes forfaitaires délictuelles dressées,nb-amendes-delictuelles-dressees,51,Marne,2020-07-31,17.0,amendes dressées dans l'année
Lutter contre les stupéfiants,Nombre d'amendes forfaitaires délictuelles dressées,nb-amendes-delictuelles-dressees,51,Marne,2020-08-31,17.0,amendes dressées dans l'année
Lutter contre les stupéfiants,Nombre d'amendes forfaitaires délictuelles dressées,nb-amendes-delictuelles-dressees,51,Marne,2020-09-30,47.0,amendes dressées dans l'année
Lutter contre les stupéfiants,Nombre d'amendes forfaitaires délictuelles dressées,nb-amendes-delictuelles-dressees,51,Marne,2020-10-31,45.0,amendes dressées dans l'année
Offrir une scolarisation inclusive à tous les enfants handicapés,Nombre de classes adaptées à la scolarisation des enfants autistes (UEMA/UEEA) à l’école maternelle et à l’école élémentaire,nombre-creation-ueea,51,Marne,2017-09-30,1.0,classes
Offrir une scolarisation inclusive à tous les enfants handicapés,Nombre de classes adaptées à la scolarisation des enfants autistes (UEMA/UEEA) à l’école maternelle et à l’école élémentaire,nombre-creation-ueea,51,Marne,2018-09-30,1.0,classes
Offrir une scolarisation inclusive à tous les enfants handicapés,Nombre de classes adaptées à la scolarisation des enfants autistes (UEMA/UEEA) à l’école maternelle et à l’école élémentaire,nombre-creation-ueea,51,Marne,2019-09-30,2.0,classes
Offrir une scolarisation inclusive à tous les enfants handicapés,Nombre de classes adaptées à la scolarisation des enfants autistes (UEMA/UEEA) à l’école maternelle et à l’école élémentaire,nombre-creation-ueea,51,Marne,2020-09-30,2.0,classes
Offrir une scolarisation inclusive à tous les enfants handicapés,"Nombre d’unités locales d’inclusion scolaires (ULIS) pour les élèves en situation de handicap à l’école maternelle, à l’école élémentaire, au collège et au lycée",nombre-creation-ulis,51,Marne,2017-09-30,82.0,unités
Offrir une scolarisation inclusive à tous les enfants handicapés,"Nombre d’unités locales d’inclusion scolaires (ULIS) pour les élèves en situation de handicap à l’école maternelle, à l’école élémentaire, au collège et au lycée",nombre-creation-ulis,51,Marne,2018-09-30,86.0,unités
Offrir une scolarisation inclusive à tous les enfants handicapés,"Nombre d’unités locales d’inclusion scolaires (ULIS) pour les élèves en situation de handicap à l’école maternelle, à l’école élémentaire, au collège et au lycée",nombre-creation-ulis,51,Marne,2019-09-30,92.0,unités
Offrir une scolarisation inclusive à tous les enfants handicapés,"Nombre d’unités locales d’inclusion scolaires (ULIS) pour les élèves en situation de handicap à l’école maternelle, à l’école élémentaire, au collège et au lycée",nombre-creation-ulis,51,Marne,2020-09-30,98.0,unités
"Dédoubler les classes en REP (grande section, CP, CE1)",Part des classes de grande section en REP dédoublées,tx-gs-rep,51,Marne,2019-11-30,1.0,% des classes
"Dédoubler les classes en REP (grande section, CP, CE1)",Part des classes de grande section en REP dédoublées,tx-gs-rep,51,Marne,2020-11-30,10.0,% des classes
"Dédoubler les classes en REP (grande section, CP, CE1)",Part des classes de CP et CE1 en REP dédoublées,tx-classes-cp-ce1-rep,51,Marne,2019-10-31,97.0,% des classes
"Dédoubler les classes en REP (grande section, CP, CE1)",Part des classes de CP et CE1 en REP dédoublées,tx-classes-cp-ce1-rep,51,Marne,2020-10-31,100.0,% des classes
Réduire la mortalité sur les routes,Nombre de morts sur les routes,nb-morts-routes,51,Marne,2017-01-31,1.0,morts dans l'année
Réduire la mortalité sur les routes,Nombre de morts sur les routes,nb-morts-routes,51,Marne,2017-02-28,2.0,morts dans l'année
Réduire la mortalité sur les routes,Nombre de morts sur les routes,nb-morts-routes,51,Marne,2017-03-31,3.0,morts dans l'année
Réduire la mortalité sur les routes,Nombre de morts sur les routes,nb-morts-routes,51,Marne,2017-04-30,1.0,morts dans l'année
Réduire la mortalité sur les routes,Nombre de morts sur les routes,nb-morts-routes,51,Marne,2017-05-31,5.0,morts dans l'année
Réduire la mortalité sur les routes,Nombre de morts sur les routes,nb-morts-routes,51,Marne,2017-06-30,1.0,morts dans l'année
Réduire la mortalité sur les routes,Nombre de morts sur les routes,nb-morts-routes,51,Marne,2017-07-31,2.0,morts dans l'année
Réduire la mortalité sur les routes,Nombre de morts sur les routes,nb-morts-routes,51,Marne,2017-08-31,1.0,morts dans l'année
Réduire la mortalité sur les routes,Nombre de morts sur les routes,nb-morts-routes,51,Marne,2017-09-30,6.0,morts dans l'année
Réduire la mortalité sur les routes,Nombre de morts sur les routes,nb-morts-routes,51,Marne,2017-10-31,3.0,morts dans l'année
Réduire la mortalité sur les routes,Nombre de morts sur les routes,nb-morts-routes,51,Marne,2017-11-30,1.0,morts dans l'année
Réduire la mortalité sur les routes,Nombre de morts sur les routes,nb-morts-routes,51,Marne,2017-12-31,4.0,morts dans l'année
Réduire la mortalité sur les routes,Nombre de morts sur les routes,nb-morts-routes,51,Marne,2018-01-31,2.0,morts dans l'année
Réduire la mortalité sur les routes,Nombre de morts sur les routes,nb-morts-routes,51,Marne,2018-02-28,3.0,morts dans l'année
Réduire la mortalité sur les routes,Nombre de morts sur les routes,nb-morts-routes,51,Marne,2018-03-31,4.0,morts dans l'année
Réduire la mortalité sur les routes,Nombre de morts sur les routes,nb-morts-routes,51,Marne,2018-04-30,4.0,morts dans l'année
Réduire la mortalité sur les routes,Nombre de morts sur les routes,nb-morts-routes,51,Marne,2018-05-31,6.0,morts dans l'année
Réduire la mortalité sur les routes,Nombre de morts sur les routes,nb-morts-routes,51,Marne,2018-06-30,4.0,morts dans l'année
Réduire la mortalité sur les routes,Nombre de morts sur les routes,nb-morts-routes,51,Marne,2018-07-31,5.0,morts dans l'année
Réduire la mortalité sur les routes,Nombre de morts sur les routes,nb-morts-routes,51,Marne,2018-08-31,2.0,morts dans l'année
Réduire la mortalité sur les routes,Nombre de morts sur les routes,nb-morts-routes,51,Marne,2018-09-30,5.0,morts dans l'année
Réduire la mortalité sur les routes,Nombre de morts sur les routes,nb-morts-routes,51,Marne,2018-10-31,1.0,morts dans l'année
Réduire la mortalité sur les routes,Nombre de morts sur les routes,nb-morts-routes,51,Marne,2018-11-30,2.0,morts dans l'année
Réduire la mortalité sur les routes,Nombre de morts sur les routes,nb-morts-routes,51,Marne,2018-12-31,3.0,morts dans l'année
Réduire la mortalité sur les routes,Nombre de morts sur les routes,nb-morts-routes,51,Marne,2019-01-31,1.0,morts dans l'année
Réduire la mortalité sur les routes,Nombre de morts sur les routes,nb-morts-routes,51,Marne,2019-02-28,3.0,morts dans l'année
Réduire la mortalité sur les routes,Nombre de morts sur les routes,nb-morts-routes,51,Marne,2019-03-31,3.0,morts dans l'année
Réduire la mortalité sur les routes,Nombre de morts sur les routes,nb-morts-routes,51,Marne,2019-04-30,2.0,morts dans l'année
Réduire la mortalité sur les routes,Nombre de morts sur les routes,nb-morts-routes,51,Marne,2019-05-31,6.0,morts dans l'année
Réduire la mortalité sur les routes,Nombre de morts sur les routes,nb-morts-routes,51,Marne,2019-06-30,1.0,morts dans l'année
Réduire la mortalité sur les routes,Nombre de morts sur les routes,nb-morts-routes,51,Marne,2019-07-31,6.0,morts dans l'année
Réduire la mortalité sur les routes,Nombre de morts sur les routes,nb-morts-routes,51,Marne,2019-08-31,2.0,morts dans l'année
Réduire la mortalité sur les routes,Nombre de morts sur les routes,nb-morts-routes,51,Marne,2019-09-30,8.0,morts dans l'année
Réduire la mortalité sur les routes,Nombre de morts sur les routes,nb-morts-routes,51,Marne,2019-10-31,2.0,morts dans l'année
Réduire la mortalité sur les routes,Nombre de morts sur les routes,nb-morts-routes,51,Marne,2019-11-30,4.0,morts dans l'année
Réduire la mortalité sur les routes,Nombre de morts sur les routes,nb-morts-routes,51,Marne,2019-12-31,1.0,morts dans l'année
Réduire la mortalité sur les routes,Nombre de morts sur les routes,nb-morts-routes,51,Marne,2020-01-31,4.0,morts dans l'année
Réduire la mortalité sur les routes,Nombre de morts sur les routes,nb-morts-routes,51,Marne,2020-02-29,2.0,morts dans l'année
Réduire la mortalité sur les routes,Nombre de morts sur les routes,nb-morts-routes,51,Marne,2020-03-31,2.0,morts dans l'année
Réduire la mortalité sur les routes,Nombre de morts sur les routes,nb-morts-routes,51,Marne,2020-04-30,2.0,morts dans l'année
Réduire la mortalité sur les routes,Nombre de morts sur les routes,nb-morts-routes,51,Marne,2020-05-31,3.0,morts dans l'année
Réduire la mortalité sur les routes,Nombre de morts sur les routes,nb-morts-routes,51,Marne,2020-06-30,2.0,morts dans l'année
Réduire la mortalité sur les routes,Nombre de morts sur les routes,nb-morts-routes,51,Marne,2020-07-31,0.0,morts dans l'année
Réduire la mortalité sur les routes,Nombre de morts sur les routes,nb-morts-routes,51,Marne,2020-08-31,6.0,morts dans l'année
Réduire la mortalité sur les routes,Nombre de morts sur les routes,nb-morts-routes,51,Marne,2020-09-30,2.0,morts dans l'année
Réduire la mortalité sur les routes,Nombre de morts sur les routes,nb-morts-routes,51,Marne,2020-10-31,1.0,morts dans l'année
