mesure,indicateur,id_indicateur,code_departement,libelle_departement,date,valeur,unite
Redynamiser les cœurs de ville,Nombre de logements ayant bénéficié d'un accompagnement (réhabilitation ou subvention),nb-logement-accompagnement,84,Vaucluse,2020-01-31,628.0,logements
Redynamiser les cœurs de ville,Nombre de logements ayant bénéficié d'un accompagnement (réhabilitation ou subvention),nb-logement-accompagnement,84,Vaucluse,2021-01-31,789.0,logements
Redynamiser les cœurs de ville,Nombre de logements ayant bénéficié d'un accompagnement (réhabilitation ou subvention),nb-logement-accompagnement,84,Vaucluse,2021-02-28,789.0,logements
Redynamiser les cœurs de ville,Nombre de logements ayant bénéficié d'un accompagnement (réhabilitation ou subvention),nb-logement-accompagnement,84,Vaucluse,2021-03-31,808.0,logements
Simplifier l’accès aux droits des personnes handicapées,Durée moyenne de traitement pour les demandes d’allocation adulte handicapé,duree-moyenne-traitement-demandes-allocation-adulte-handicape,84,Vaucluse,2017-12-31,4.5,mois de traitement
Simplifier l’accès aux droits des personnes handicapées,Durée moyenne de traitement pour les demandes d’allocation adulte handicapé,duree-moyenne-traitement-demandes-allocation-adulte-handicape,84,Vaucluse,2018-12-31,4.4,mois de traitement
Simplifier l’accès aux droits des personnes handicapées,Durée moyenne de traitement pour les demandes d’allocation adulte handicapé,duree-moyenne-traitement-demandes-allocation-adulte-handicape,84,Vaucluse,2019-12-31,5.2,mois de traitement
Simplifier l’accès aux droits des personnes handicapées,Durée moyenne de traitement pour les demandes d’allocation adulte handicapé,duree-moyenne-traitement-demandes-allocation-adulte-handicape,84,Vaucluse,2020-09-30,3.7,mois de traitement
Simplifier l’accès aux droits des personnes handicapées,Durée moyenne de traitement pour les demandes d’allocation adulte handicapé,duree-moyenne-traitement-demandes-allocation-adulte-handicape,84,Vaucluse,2020-12-31,3.5,mois de traitement
Lutter contre la récidive par une meilleure insertion professionnelle des condamnés,Postes de travail d'intérêt général proposés en tant que peine,nb-postes-tig,84,Vaucluse,2021-03-31,136.0,postes
Supprimer la taxe d’habitation sur les résidences principales,Nombre de bénéficiaires totalement exonérés,nb-beneficiaires-suppression-taxe-habitation,84,Vaucluse,2018-12-31,51742.0,bénéficiaires
Supprimer la taxe d’habitation sur les résidences principales,Nombre de bénéficiaires totalement exonérés,nb-beneficiaires-suppression-taxe-habitation,84,Vaucluse,2019-12-31,52466.0,bénéficiaires
Supprimer la taxe d’habitation sur les résidences principales,Nombre de bénéficiaires totalement exonérés,nb-beneficiaires-suppression-taxe-habitation,84,Vaucluse,2020-12-31,206344.0,bénéficiaires
Déployer Parcoursup ,Taux de réussite aux examens de licence 1,tx-reussite-examens,84,Vaucluse,2017-10-31,36.0,% de réussite
Déployer Parcoursup ,Taux de réussite aux examens de licence 1,tx-reussite-examens,84,Vaucluse,2019-10-31,39.0,% de réussite
Plan 1 jeune 1 solution,Nombre de recrutements de jeunes,nombre-recrutements-jeunes,84,Vaucluse,2018-12-31,7714.0,Recrutements de jeunes
Plan 1 jeune 1 solution,Nombre de recrutements de jeunes,nombre-recrutements-jeunes,84,Vaucluse,2019-12-31,8184.0,Recrutements de jeunes
Plan 1 jeune 1 solution,Nombre de recrutements de jeunes,nombre-recrutements-jeunes,84,Vaucluse,2020-12-31,8227.0,Recrutements de jeunes
Renforcer la sécurité du quotidien,Nombre d’heures de patrouille de voie publique,nb-heures-patrouille,84,Vaucluse,2017-01-31,56226.0,heures de patrouille dans l'année
Renforcer la sécurité du quotidien,Nombre d’heures de patrouille de voie publique,nb-heures-patrouille,84,Vaucluse,2017-02-28,45990.0,heures de patrouille dans l'année
Renforcer la sécurité du quotidien,Nombre d’heures de patrouille de voie publique,nb-heures-patrouille,84,Vaucluse,2017-03-31,57821.0,heures de patrouille dans l'année
Renforcer la sécurité du quotidien,Nombre d’heures de patrouille de voie publique,nb-heures-patrouille,84,Vaucluse,2017-04-30,50015.0,heures de patrouille dans l'année
Renforcer la sécurité du quotidien,Nombre d’heures de patrouille de voie publique,nb-heures-patrouille,84,Vaucluse,2017-05-31,52829.0,heures de patrouille dans l'année
Renforcer la sécurité du quotidien,Nombre d’heures de patrouille de voie publique,nb-heures-patrouille,84,Vaucluse,2017-06-30,49963.0,heures de patrouille dans l'année
Renforcer la sécurité du quotidien,Nombre d’heures de patrouille de voie publique,nb-heures-patrouille,84,Vaucluse,2017-07-31,48524.0,heures de patrouille dans l'année
Renforcer la sécurité du quotidien,Nombre d’heures de patrouille de voie publique,nb-heures-patrouille,84,Vaucluse,2017-08-31,41040.0,heures de patrouille dans l'année
Renforcer la sécurité du quotidien,Nombre d’heures de patrouille de voie publique,nb-heures-patrouille,84,Vaucluse,2017-09-30,49546.0,heures de patrouille dans l'année
Renforcer la sécurité du quotidien,Nombre d’heures de patrouille de voie publique,nb-heures-patrouille,84,Vaucluse,2017-10-31,52564.0,heures de patrouille dans l'année
Renforcer la sécurité du quotidien,Nombre d’heures de patrouille de voie publique,nb-heures-patrouille,84,Vaucluse,2017-11-30,51411.0,heures de patrouille dans l'année
Renforcer la sécurité du quotidien,Nombre d’heures de patrouille de voie publique,nb-heures-patrouille,84,Vaucluse,2017-12-31,51024.0,heures de patrouille dans l'année
Renforcer la sécurité du quotidien,Nombre d’heures de patrouille de voie publique,nb-heures-patrouille,84,Vaucluse,2018-01-31,52070.0,heures de patrouille dans l'année
Renforcer la sécurité du quotidien,Nombre d’heures de patrouille de voie publique,nb-heures-patrouille,84,Vaucluse,2018-02-28,42630.0,heures de patrouille dans l'année
Renforcer la sécurité du quotidien,Nombre d’heures de patrouille de voie publique,nb-heures-patrouille,84,Vaucluse,2018-03-31,50376.0,heures de patrouille dans l'année
Renforcer la sécurité du quotidien,Nombre d’heures de patrouille de voie publique,nb-heures-patrouille,84,Vaucluse,2018-04-30,46310.0,heures de patrouille dans l'année
Renforcer la sécurité du quotidien,Nombre d’heures de patrouille de voie publique,nb-heures-patrouille,84,Vaucluse,2018-05-31,46945.0,heures de patrouille dans l'année
Renforcer la sécurité du quotidien,Nombre d’heures de patrouille de voie publique,nb-heures-patrouille,84,Vaucluse,2018-06-30,45293.0,heures de patrouille dans l'année
Renforcer la sécurité du quotidien,Nombre d’heures de patrouille de voie publique,nb-heures-patrouille,84,Vaucluse,2018-07-31,49021.0,heures de patrouille dans l'année
Renforcer la sécurité du quotidien,Nombre d’heures de patrouille de voie publique,nb-heures-patrouille,84,Vaucluse,2018-08-31,46184.0,heures de patrouille dans l'année
Renforcer la sécurité du quotidien,Nombre d’heures de patrouille de voie publique,nb-heures-patrouille,84,Vaucluse,2018-09-30,47862.0,heures de patrouille dans l'année
Renforcer la sécurité du quotidien,Nombre d’heures de patrouille de voie publique,nb-heures-patrouille,84,Vaucluse,2018-10-31,50616.0,heures de patrouille dans l'année
Renforcer la sécurité du quotidien,Nombre d’heures de patrouille de voie publique,nb-heures-patrouille,84,Vaucluse,2018-11-30,51918.0,heures de patrouille dans l'année
Renforcer la sécurité du quotidien,Nombre d’heures de patrouille de voie publique,nb-heures-patrouille,84,Vaucluse,2018-12-31,47679.0,heures de patrouille dans l'année
Renforcer la sécurité du quotidien,Nombre d’heures de patrouille de voie publique,nb-heures-patrouille,84,Vaucluse,2019-01-31,49898.0,heures de patrouille dans l'année
Renforcer la sécurité du quotidien,Nombre d’heures de patrouille de voie publique,nb-heures-patrouille,84,Vaucluse,2019-02-28,40767.0,heures de patrouille dans l'année
Renforcer la sécurité du quotidien,Nombre d’heures de patrouille de voie publique,nb-heures-patrouille,84,Vaucluse,2019-03-31,51630.0,heures de patrouille dans l'année
Renforcer la sécurité du quotidien,Nombre d’heures de patrouille de voie publique,nb-heures-patrouille,84,Vaucluse,2019-04-30,44692.0,heures de patrouille dans l'année
Renforcer la sécurité du quotidien,Nombre d’heures de patrouille de voie publique,nb-heures-patrouille,84,Vaucluse,2019-05-31,45675.0,heures de patrouille dans l'année
Renforcer la sécurité du quotidien,Nombre d’heures de patrouille de voie publique,nb-heures-patrouille,84,Vaucluse,2019-06-30,39805.0,heures de patrouille dans l'année
Renforcer la sécurité du quotidien,Nombre d’heures de patrouille de voie publique,nb-heures-patrouille,84,Vaucluse,2019-07-31,44762.0,heures de patrouille dans l'année
Renforcer la sécurité du quotidien,Nombre d’heures de patrouille de voie publique,nb-heures-patrouille,84,Vaucluse,2019-08-31,43521.0,heures de patrouille dans l'année
Renforcer la sécurité du quotidien,Nombre d’heures de patrouille de voie publique,nb-heures-patrouille,84,Vaucluse,2019-09-30,46031.0,heures de patrouille dans l'année
Renforcer la sécurité du quotidien,Nombre d’heures de patrouille de voie publique,nb-heures-patrouille,84,Vaucluse,2019-10-31,48376.0,heures de patrouille dans l'année
Renforcer la sécurité du quotidien,Nombre d’heures de patrouille de voie publique,nb-heures-patrouille,84,Vaucluse,2019-11-30,48035.0,heures de patrouille dans l'année
Renforcer la sécurité du quotidien,Nombre d’heures de patrouille de voie publique,nb-heures-patrouille,84,Vaucluse,2019-12-31,46173.0,heures de patrouille dans l'année
Renforcer la sécurité du quotidien,Nombre d’heures de patrouille de voie publique,nb-heures-patrouille,84,Vaucluse,2020-01-31,49388.0,heures de patrouille dans l'année
Renforcer la sécurité du quotidien,Nombre d’heures de patrouille de voie publique,nb-heures-patrouille,84,Vaucluse,2020-02-29,44172.0,heures de patrouille dans l'année
Renforcer la sécurité du quotidien,Nombre d’heures de patrouille de voie publique,nb-heures-patrouille,84,Vaucluse,2020-03-31,50544.0,heures de patrouille dans l'année
Renforcer la sécurité du quotidien,Nombre d’heures de patrouille de voie publique,nb-heures-patrouille,84,Vaucluse,2020-04-30,50126.0,heures de patrouille dans l'année
Renforcer la sécurité du quotidien,Nombre d’heures de patrouille de voie publique,nb-heures-patrouille,84,Vaucluse,2020-05-31,54015.0,heures de patrouille dans l'année
Renforcer la sécurité du quotidien,Nombre d’heures de patrouille de voie publique,nb-heures-patrouille,84,Vaucluse,2020-06-30,45952.0,heures de patrouille dans l'année
Renforcer la sécurité du quotidien,Nombre d’heures de patrouille de voie publique,nb-heures-patrouille,84,Vaucluse,2020-07-31,48198.0,heures de patrouille dans l'année
Renforcer la sécurité du quotidien,Nombre d’heures de patrouille de voie publique,nb-heures-patrouille,84,Vaucluse,2020-08-31,45916.0,heures de patrouille dans l'année
Renforcer la sécurité du quotidien,Nombre d’heures de patrouille de voie publique,nb-heures-patrouille,84,Vaucluse,2020-09-30,55770.0,heures de patrouille dans l'année
Renforcer la sécurité du quotidien,Nombre d’heures de patrouille de voie publique,nb-heures-patrouille,84,Vaucluse,2020-10-31,56508.0,heures de patrouille dans l'année
Renforcer la sécurité du quotidien,Nombre d’heures de patrouille de voie publique,nb-heures-patrouille,84,Vaucluse,2020-11-30,60529.0,heures de patrouille dans l'année
Renforcer la sécurité du quotidien,Nombre d’heures de patrouille de voie publique,nb-heures-patrouille,84,Vaucluse,2020-12-31,59223.0,heures de patrouille dans l'année
Renforcer la sécurité du quotidien,Nombre d’heures de patrouille de voie publique,nb-heures-patrouille,84,Vaucluse,2021-01-31,43600.0,heures de patrouille dans l'année
Renforcer la sécurité du quotidien,Nombre d’heures de patrouille de voie publique,nb-heures-patrouille,84,Vaucluse,2021-02-28,43675.0,heures de patrouille dans l'année
Devoirs faits au collège,Part de collégiens bénéficiant du dispositif (en %),taux-collegiens-beneficiaires,84,Vaucluse,2018-03-31,22.0,% de collégiens
Devoirs faits au collège,Part de collégiens bénéficiant du dispositif (en %),taux-collegiens-beneficiaires,84,Vaucluse,2019-03-31,24.0,% de collégiens
Devoirs faits au collège,Part de collégiens bénéficiant du dispositif (en %),taux-collegiens-beneficiaires,84,Vaucluse,2019-09-30,28.0,% de collégiens
Devoirs faits au collège,Part de collégiens bénéficiant du dispositif (en %),taux-collegiens-beneficiaires,84,Vaucluse,2020-09-30,30.0,% de collégiens
Assurer une bonne couverture en internet fixe et en téléphonie mobile pour tous les Français d'ici 2022,Taux de déploiement de la fibre,taux-deploiement-fibre,84,Vaucluse,2017-12-31,15.0,% de déploiement
Assurer une bonne couverture en internet fixe et en téléphonie mobile pour tous les Français d'ici 2022,Taux de déploiement de la fibre,taux-deploiement-fibre,84,Vaucluse,2018-03-31,17.0,% de déploiement
Assurer une bonne couverture en internet fixe et en téléphonie mobile pour tous les Français d'ici 2022,Taux de déploiement de la fibre,taux-deploiement-fibre,84,Vaucluse,2018-06-30,18.0,% de déploiement
Assurer une bonne couverture en internet fixe et en téléphonie mobile pour tous les Français d'ici 2022,Taux de déploiement de la fibre,taux-deploiement-fibre,84,Vaucluse,2018-09-30,19.0,% de déploiement
Assurer une bonne couverture en internet fixe et en téléphonie mobile pour tous les Français d'ici 2022,Taux de déploiement de la fibre,taux-deploiement-fibre,84,Vaucluse,2018-12-31,24.0,% de déploiement
Assurer une bonne couverture en internet fixe et en téléphonie mobile pour tous les Français d'ici 2022,Taux de déploiement de la fibre,taux-deploiement-fibre,84,Vaucluse,2019-03-31,28.0,% de déploiement
Assurer une bonne couverture en internet fixe et en téléphonie mobile pour tous les Français d'ici 2022,Taux de déploiement de la fibre,taux-deploiement-fibre,84,Vaucluse,2019-06-30,34.0,% de déploiement
Assurer une bonne couverture en internet fixe et en téléphonie mobile pour tous les Français d'ici 2022,Taux de déploiement de la fibre,taux-deploiement-fibre,84,Vaucluse,2019-09-30,44.0,% de déploiement
Assurer une bonne couverture en internet fixe et en téléphonie mobile pour tous les Français d'ici 2022,Taux de déploiement de la fibre,taux-deploiement-fibre,84,Vaucluse,2019-12-31,45.0,% de déploiement
Assurer une bonne couverture en internet fixe et en téléphonie mobile pour tous les Français d'ici 2022,Taux de déploiement de la fibre,taux-deploiement-fibre,84,Vaucluse,2020-03-31,48.0,% de déploiement
Assurer une bonne couverture en internet fixe et en téléphonie mobile pour tous les Français d'ici 2022,Taux de déploiement de la fibre,taux-deploiement-fibre,84,Vaucluse,2020-06-30,51.0,% de déploiement
Assurer une bonne couverture en internet fixe et en téléphonie mobile pour tous les Français d'ici 2022,Taux de déploiement de la fibre,taux-deploiement-fibre,84,Vaucluse,2020-09-30,57.0,% de déploiement
Assurer une bonne couverture en internet fixe et en téléphonie mobile pour tous les Français d'ici 2022,Taux de déploiement de la fibre,taux-deploiement-fibre,84,Vaucluse,2020-12-31,65.0,% de déploiement
Numérisation des petites et moyennes entreprises,Nombre d'entreprises ayant bénéficié d'un chèque numérique de 500€,nb-entreprises-cheaque-numerique,84,Vaucluse,2021-02-28,67.0,entreprises
Numérisation des petites et moyennes entreprises,Nombre d'entreprises ayant bénéficié d'un chèque numérique de 500€,nb-entreprises-cheaque-numerique,84,Vaucluse,2021-03-31,246.0,entreprises
Numérisation des petites et moyennes entreprises,Nombre d'entreprises ayant bénéficié d'un chèque numérique de 500€,nb-entreprises-cheaque-numerique,84,Vaucluse,2021-04-30,362.0,entreprises
Numérisation des petites et moyennes entreprises,Nombre d'entreprises ayant disposé d'un diagnostic numérique et un plan d'action individualisé,nb-diagnostics-individualises,84,Vaucluse,2021-01-31,22.0,entreprises
Numérisation des petites et moyennes entreprises,Nombre d'entreprises ayant disposé d'un diagnostic numérique et un plan d'action individualisé,nb-diagnostics-individualises,84,Vaucluse,2021-02-28,68.0,entreprises
Numérisation des petites et moyennes entreprises,Nombre d'entreprises ayant disposé d'un diagnostic numérique et un plan d'action individualisé,nb-diagnostics-individualises,84,Vaucluse,2021-03-31,90.0,entreprises
Numérisation des petites et moyennes entreprises,Nombre d'entreprises ayant disposé d'un diagnostic numérique et un plan d'action individualisé,nb-diagnostics-individualises,84,Vaucluse,2021-04-30,179.0,entreprises
Promouvoir l'engagement chez les jeunes,Nombre de volontaires ayant réalisé au moins un jour de mission de service civique dans l'année,nb-jeunes-engages,84,Vaucluse,2017-12-31,1326.0,jeunes
Promouvoir l'engagement chez les jeunes,Nombre de volontaires ayant réalisé au moins un jour de mission de service civique dans l'année,nb-jeunes-engages,84,Vaucluse,2018-12-31,1442.0,jeunes
Promouvoir l'engagement chez les jeunes,Nombre de volontaires ayant réalisé au moins un jour de mission de service civique dans l'année,nb-jeunes-engages,84,Vaucluse,2019-12-31,1382.0,jeunes
Promouvoir l'engagement chez les jeunes,Nombre de volontaires ayant réalisé au moins un jour de mission de service civique dans l'année,nb-jeunes-engages,84,Vaucluse,2020-12-31,1135.0,jeunes
Promouvoir l'engagement chez les jeunes,Nombre de volontaires ayant réalisé au moins un jour de mission de service civique dans l'année,nb-jeunes-engages,84,Vaucluse,2021-03-31,610.0,jeunes
Déployer le Pass culture,Nombre d’utilisateurs du Pass culture,nb-utilisateurs-pass-culture,84,Vaucluse,2019-06-30,4.0,utilisateurs
Déployer le Pass culture,Nombre d’utilisateurs du Pass culture,nb-utilisateurs-pass-culture,84,Vaucluse,2019-07-31,245.0,utilisateurs
Déployer le Pass culture,Nombre d’utilisateurs du Pass culture,nb-utilisateurs-pass-culture,84,Vaucluse,2019-08-31,310.0,utilisateurs
Déployer le Pass culture,Nombre d’utilisateurs du Pass culture,nb-utilisateurs-pass-culture,84,Vaucluse,2019-09-30,493.0,utilisateurs
Déployer le Pass culture,Nombre d’utilisateurs du Pass culture,nb-utilisateurs-pass-culture,84,Vaucluse,2019-10-31,614.0,utilisateurs
Déployer le Pass culture,Nombre d’utilisateurs du Pass culture,nb-utilisateurs-pass-culture,84,Vaucluse,2019-11-30,740.0,utilisateurs
Déployer le Pass culture,Nombre d’utilisateurs du Pass culture,nb-utilisateurs-pass-culture,84,Vaucluse,2019-12-31,827.0,utilisateurs
Déployer le Pass culture,Nombre d’utilisateurs du Pass culture,nb-utilisateurs-pass-culture,84,Vaucluse,2020-01-31,900.0,utilisateurs
Déployer le Pass culture,Nombre d’utilisateurs du Pass culture,nb-utilisateurs-pass-culture,84,Vaucluse,2020-02-29,1119.0,utilisateurs
Déployer le Pass culture,Nombre d’utilisateurs du Pass culture,nb-utilisateurs-pass-culture,84,Vaucluse,2020-03-31,1230.0,utilisateurs
Déployer le Pass culture,Nombre d’utilisateurs du Pass culture,nb-utilisateurs-pass-culture,84,Vaucluse,2020-04-30,1306.0,utilisateurs
Déployer le Pass culture,Nombre d’utilisateurs du Pass culture,nb-utilisateurs-pass-culture,84,Vaucluse,2020-05-31,1377.0,utilisateurs
Déployer le Pass culture,Nombre d’utilisateurs du Pass culture,nb-utilisateurs-pass-culture,84,Vaucluse,2020-06-30,1561.0,utilisateurs
Déployer le Pass culture,Nombre d’utilisateurs du Pass culture,nb-utilisateurs-pass-culture,84,Vaucluse,2020-07-31,1835.0,utilisateurs
Déployer le Pass culture,Nombre d’utilisateurs du Pass culture,nb-utilisateurs-pass-culture,84,Vaucluse,2020-08-31,2100.0,utilisateurs
Déployer le Pass culture,Nombre d’utilisateurs du Pass culture,nb-utilisateurs-pass-culture,84,Vaucluse,2020-09-30,2413.0,utilisateurs
Déployer le Pass culture,Nombre d’utilisateurs du Pass culture,nb-utilisateurs-pass-culture,84,Vaucluse,2020-10-31,2721.0,utilisateurs
Déployer le Pass culture,Nombre d’utilisateurs du Pass culture,nb-utilisateurs-pass-culture,84,Vaucluse,2020-12-31,3084.0,utilisateurs
Déployer le Pass culture,Nombre d’utilisateurs du Pass culture,nb-utilisateurs-pass-culture,84,Vaucluse,2021-03-31,3936.0,utilisateurs
Offrir un logement aux sans-abri : Logement d’abord,Nombre de personnes sans-abri ou en hébergement ayant obtenu un logement social,logement-sans-domicile-hebergement-urgence,84,Vaucluse,2017-12-31,222.0,personnes dans l'année
Offrir un logement aux sans-abri : Logement d’abord,Nombre de personnes sans-abri ou en hébergement ayant obtenu un logement social,logement-sans-domicile-hebergement-urgence,84,Vaucluse,2018-01-31,0.0,personnes dans l'année
Offrir un logement aux sans-abri : Logement d’abord,Nombre de personnes sans-abri ou en hébergement ayant obtenu un logement social,logement-sans-domicile-hebergement-urgence,84,Vaucluse,2018-02-28,0.0,personnes dans l'année
Offrir un logement aux sans-abri : Logement d’abord,Nombre de personnes sans-abri ou en hébergement ayant obtenu un logement social,logement-sans-domicile-hebergement-urgence,84,Vaucluse,2018-03-31,0.0,personnes dans l'année
Offrir un logement aux sans-abri : Logement d’abord,Nombre de personnes sans-abri ou en hébergement ayant obtenu un logement social,logement-sans-domicile-hebergement-urgence,84,Vaucluse,2018-04-30,0.0,personnes dans l'année
Offrir un logement aux sans-abri : Logement d’abord,Nombre de personnes sans-abri ou en hébergement ayant obtenu un logement social,logement-sans-domicile-hebergement-urgence,84,Vaucluse,2018-05-31,99.0,personnes dans l'année
Offrir un logement aux sans-abri : Logement d’abord,Nombre de personnes sans-abri ou en hébergement ayant obtenu un logement social,logement-sans-domicile-hebergement-urgence,84,Vaucluse,2018-06-30,125.0,personnes dans l'année
Offrir un logement aux sans-abri : Logement d’abord,Nombre de personnes sans-abri ou en hébergement ayant obtenu un logement social,logement-sans-domicile-hebergement-urgence,84,Vaucluse,2018-07-31,150.0,personnes dans l'année
Offrir un logement aux sans-abri : Logement d’abord,Nombre de personnes sans-abri ou en hébergement ayant obtenu un logement social,logement-sans-domicile-hebergement-urgence,84,Vaucluse,2018-08-31,161.0,personnes dans l'année
Offrir un logement aux sans-abri : Logement d’abord,Nombre de personnes sans-abri ou en hébergement ayant obtenu un logement social,logement-sans-domicile-hebergement-urgence,84,Vaucluse,2018-09-30,180.0,personnes dans l'année
Offrir un logement aux sans-abri : Logement d’abord,Nombre de personnes sans-abri ou en hébergement ayant obtenu un logement social,logement-sans-domicile-hebergement-urgence,84,Vaucluse,2018-10-31,202.0,personnes dans l'année
Offrir un logement aux sans-abri : Logement d’abord,Nombre de personnes sans-abri ou en hébergement ayant obtenu un logement social,logement-sans-domicile-hebergement-urgence,84,Vaucluse,2018-11-30,233.0,personnes dans l'année
Offrir un logement aux sans-abri : Logement d’abord,Nombre de personnes sans-abri ou en hébergement ayant obtenu un logement social,logement-sans-domicile-hebergement-urgence,84,Vaucluse,2018-12-31,262.0,personnes dans l'année
Offrir un logement aux sans-abri : Logement d’abord,Nombre de personnes sans-abri ou en hébergement ayant obtenu un logement social,logement-sans-domicile-hebergement-urgence,84,Vaucluse,2019-01-31,11.0,personnes dans l'année
Offrir un logement aux sans-abri : Logement d’abord,Nombre de personnes sans-abri ou en hébergement ayant obtenu un logement social,logement-sans-domicile-hebergement-urgence,84,Vaucluse,2019-02-28,35.0,personnes dans l'année
Offrir un logement aux sans-abri : Logement d’abord,Nombre de personnes sans-abri ou en hébergement ayant obtenu un logement social,logement-sans-domicile-hebergement-urgence,84,Vaucluse,2019-03-31,64.0,personnes dans l'année
Offrir un logement aux sans-abri : Logement d’abord,Nombre de personnes sans-abri ou en hébergement ayant obtenu un logement social,logement-sans-domicile-hebergement-urgence,84,Vaucluse,2019-04-30,77.0,personnes dans l'année
Offrir un logement aux sans-abri : Logement d’abord,Nombre de personnes sans-abri ou en hébergement ayant obtenu un logement social,logement-sans-domicile-hebergement-urgence,84,Vaucluse,2019-05-31,97.0,personnes dans l'année
Offrir un logement aux sans-abri : Logement d’abord,Nombre de personnes sans-abri ou en hébergement ayant obtenu un logement social,logement-sans-domicile-hebergement-urgence,84,Vaucluse,2019-06-30,114.0,personnes dans l'année
Offrir un logement aux sans-abri : Logement d’abord,Nombre de personnes sans-abri ou en hébergement ayant obtenu un logement social,logement-sans-domicile-hebergement-urgence,84,Vaucluse,2019-07-31,145.0,personnes dans l'année
Offrir un logement aux sans-abri : Logement d’abord,Nombre de personnes sans-abri ou en hébergement ayant obtenu un logement social,logement-sans-domicile-hebergement-urgence,84,Vaucluse,2019-08-31,172.0,personnes dans l'année
Offrir un logement aux sans-abri : Logement d’abord,Nombre de personnes sans-abri ou en hébergement ayant obtenu un logement social,logement-sans-domicile-hebergement-urgence,84,Vaucluse,2019-09-30,202.0,personnes dans l'année
Offrir un logement aux sans-abri : Logement d’abord,Nombre de personnes sans-abri ou en hébergement ayant obtenu un logement social,logement-sans-domicile-hebergement-urgence,84,Vaucluse,2019-10-31,227.0,personnes dans l'année
Offrir un logement aux sans-abri : Logement d’abord,Nombre de personnes sans-abri ou en hébergement ayant obtenu un logement social,logement-sans-domicile-hebergement-urgence,84,Vaucluse,2019-11-30,246.0,personnes dans l'année
Offrir un logement aux sans-abri : Logement d’abord,Nombre de personnes sans-abri ou en hébergement ayant obtenu un logement social,logement-sans-domicile-hebergement-urgence,84,Vaucluse,2019-12-31,273.0,personnes dans l'année
Offrir un logement aux sans-abri : Logement d’abord,Nombre de personnes sans-abri ou en hébergement ayant obtenu un logement social,logement-sans-domicile-hebergement-urgence,84,Vaucluse,2020-01-31,4.0,personnes dans l'année
Offrir un logement aux sans-abri : Logement d’abord,Nombre de personnes sans-abri ou en hébergement ayant obtenu un logement social,logement-sans-domicile-hebergement-urgence,84,Vaucluse,2020-02-29,24.0,personnes dans l'année
Offrir un logement aux sans-abri : Logement d’abord,Nombre de personnes sans-abri ou en hébergement ayant obtenu un logement social,logement-sans-domicile-hebergement-urgence,84,Vaucluse,2020-03-31,62.0,personnes dans l'année
Offrir un logement aux sans-abri : Logement d’abord,Nombre de personnes sans-abri ou en hébergement ayant obtenu un logement social,logement-sans-domicile-hebergement-urgence,84,Vaucluse,2020-04-30,70.0,personnes dans l'année
Offrir un logement aux sans-abri : Logement d’abord,Nombre de personnes sans-abri ou en hébergement ayant obtenu un logement social,logement-sans-domicile-hebergement-urgence,84,Vaucluse,2020-05-31,108.0,personnes dans l'année
Offrir un logement aux sans-abri : Logement d’abord,Nombre de personnes sans-abri ou en hébergement ayant obtenu un logement social,logement-sans-domicile-hebergement-urgence,84,Vaucluse,2020-06-30,130.0,personnes dans l'année
Offrir un logement aux sans-abri : Logement d’abord,Nombre de personnes sans-abri ou en hébergement ayant obtenu un logement social,logement-sans-domicile-hebergement-urgence,84,Vaucluse,2020-07-31,152.0,personnes dans l'année
Offrir un logement aux sans-abri : Logement d’abord,Nombre de personnes sans-abri ou en hébergement ayant obtenu un logement social,logement-sans-domicile-hebergement-urgence,84,Vaucluse,2020-08-31,178.0,personnes dans l'année
Offrir un logement aux sans-abri : Logement d’abord,Nombre de personnes sans-abri ou en hébergement ayant obtenu un logement social,logement-sans-domicile-hebergement-urgence,84,Vaucluse,2020-09-30,218.0,personnes dans l'année
Offrir un logement aux sans-abri : Logement d’abord,Nombre de personnes sans-abri ou en hébergement ayant obtenu un logement social,logement-sans-domicile-hebergement-urgence,84,Vaucluse,2020-10-31,257.0,personnes dans l'année
Offrir un logement aux sans-abri : Logement d’abord,Nombre de personnes sans-abri ou en hébergement ayant obtenu un logement social,logement-sans-domicile-hebergement-urgence,84,Vaucluse,2020-11-30,306.0,personnes dans l'année
Offrir un logement aux sans-abri : Logement d’abord,Nombre de personnes sans-abri ou en hébergement ayant obtenu un logement social,logement-sans-domicile-hebergement-urgence,84,Vaucluse,2020-12-31,352.0,personnes dans l'année
Offrir un logement aux sans-abri : Logement d’abord,Nombre de personnes sans-abri ou en hébergement ayant obtenu un logement social,logement-sans-domicile-hebergement-urgence,84,Vaucluse,2021-01-31,26.0,personnes dans l'année
Offrir un logement aux sans-abri : Logement d’abord,Nombre de personnes sans-abri ou en hébergement ayant obtenu un logement social,logement-sans-domicile-hebergement-urgence,84,Vaucluse,2021-02-28,31.0,personnes dans l'année
Offrir un logement aux sans-abri : Logement d’abord,Nombre de personnes sans-abri ou en hébergement ayant obtenu un logement social,logement-sans-domicile-hebergement-urgence,84,Vaucluse,2021-03-31,59.0,personnes dans l'année
"Proposer une offre de lunettes, appareils auditifs et prothèses dentaires remboursée à 100%",Part des équipements/soins 100% santé dans le total des soins optiques,tx-equipements-optique,84,Vaucluse,2020-01-31,21.61,%
"Proposer une offre de lunettes, appareils auditifs et prothèses dentaires remboursée à 100%",Part des équipements/soins 100% santé dans le total des soins optiques,tx-equipements-optique,84,Vaucluse,2020-02-29,21.11,%
"Proposer une offre de lunettes, appareils auditifs et prothèses dentaires remboursée à 100%",Part des équipements/soins 100% santé dans le total des soins optiques,tx-equipements-optique,84,Vaucluse,2020-03-31,18.33,%
"Proposer une offre de lunettes, appareils auditifs et prothèses dentaires remboursée à 100%",Part des équipements/soins 100% santé dans le total des soins optiques,tx-equipements-optique,84,Vaucluse,2020-04-30,17.97,%
"Proposer une offre de lunettes, appareils auditifs et prothèses dentaires remboursée à 100%",Part des équipements/soins 100% santé dans le total des soins optiques,tx-equipements-optique,84,Vaucluse,2020-05-31,20.38,%
"Proposer une offre de lunettes, appareils auditifs et prothèses dentaires remboursée à 100%",Part des équipements/soins 100% santé dans le total des soins optiques,tx-equipements-optique,84,Vaucluse,2020-06-30,18.57,%
"Proposer une offre de lunettes, appareils auditifs et prothèses dentaires remboursée à 100%",Part des équipements/soins 100% santé dans le total des soins optiques,tx-equipements-optique,84,Vaucluse,2020-07-31,18.3,%
"Proposer une offre de lunettes, appareils auditifs et prothèses dentaires remboursée à 100%",Part des équipements/soins 100% santé dans le total des soins optiques,tx-equipements-optique,84,Vaucluse,2020-08-31,18.05,%
"Proposer une offre de lunettes, appareils auditifs et prothèses dentaires remboursée à 100%",Part des équipements/soins 100% santé dans le total des soins optiques,tx-equipements-optique,84,Vaucluse,2020-09-30,20.1,%
"Proposer une offre de lunettes, appareils auditifs et prothèses dentaires remboursée à 100%",Part des équipements/soins 100% santé dans le total des soins optiques,tx-equipements-optique,84,Vaucluse,2020-10-31,19.33,%
"Proposer une offre de lunettes, appareils auditifs et prothèses dentaires remboursée à 100%",Part des équipements/soins 100% santé dans le total des soins optiques,tx-equipements-optique,84,Vaucluse,2020-11-30,20.05,%
"Proposer une offre de lunettes, appareils auditifs et prothèses dentaires remboursée à 100%",Part des équipements/soins 100% santé dans le total des soins optiques,tx-equipements-optique,84,Vaucluse,2020-12-31,19.99,%
"Proposer une offre de lunettes, appareils auditifs et prothèses dentaires remboursée à 100%",Part des équipements/soins 100% santé dans le total des soins dentaires,tx-equipements-dentaire,84,Vaucluse,2019-04-30,32.27,%
"Proposer une offre de lunettes, appareils auditifs et prothèses dentaires remboursée à 100%",Part des équipements/soins 100% santé dans le total des soins dentaires,tx-equipements-dentaire,84,Vaucluse,2019-05-31,40.44,%
"Proposer une offre de lunettes, appareils auditifs et prothèses dentaires remboursée à 100%",Part des équipements/soins 100% santé dans le total des soins dentaires,tx-equipements-dentaire,84,Vaucluse,2019-06-30,43.05,%
"Proposer une offre de lunettes, appareils auditifs et prothèses dentaires remboursée à 100%",Part des équipements/soins 100% santé dans le total des soins dentaires,tx-equipements-dentaire,84,Vaucluse,2019-07-31,43.2,%
"Proposer une offre de lunettes, appareils auditifs et prothèses dentaires remboursée à 100%",Part des équipements/soins 100% santé dans le total des soins dentaires,tx-equipements-dentaire,84,Vaucluse,2019-08-31,43.42,%
"Proposer une offre de lunettes, appareils auditifs et prothèses dentaires remboursée à 100%",Part des équipements/soins 100% santé dans le total des soins dentaires,tx-equipements-dentaire,84,Vaucluse,2019-09-30,42.67,%
"Proposer une offre de lunettes, appareils auditifs et prothèses dentaires remboursée à 100%",Part des équipements/soins 100% santé dans le total des soins dentaires,tx-equipements-dentaire,84,Vaucluse,2019-10-31,41.6,%
"Proposer une offre de lunettes, appareils auditifs et prothèses dentaires remboursée à 100%",Part des équipements/soins 100% santé dans le total des soins dentaires,tx-equipements-dentaire,84,Vaucluse,2019-11-30,41.23,%
"Proposer une offre de lunettes, appareils auditifs et prothèses dentaires remboursée à 100%",Part des équipements/soins 100% santé dans le total des soins dentaires,tx-equipements-dentaire,84,Vaucluse,2019-12-31,38.88,%
"Proposer une offre de lunettes, appareils auditifs et prothèses dentaires remboursée à 100%",Part des équipements/soins 100% santé dans le total des soins dentaires,tx-equipements-dentaire,84,Vaucluse,2020-01-31,48.16,%
"Proposer une offre de lunettes, appareils auditifs et prothèses dentaires remboursée à 100%",Part des équipements/soins 100% santé dans le total des soins dentaires,tx-equipements-dentaire,84,Vaucluse,2020-02-29,50.93,%
"Proposer une offre de lunettes, appareils auditifs et prothèses dentaires remboursée à 100%",Part des équipements/soins 100% santé dans le total des soins dentaires,tx-equipements-dentaire,84,Vaucluse,2020-03-31,53.94,%
"Proposer une offre de lunettes, appareils auditifs et prothèses dentaires remboursée à 100%",Part des équipements/soins 100% santé dans le total des soins dentaires,tx-equipements-dentaire,84,Vaucluse,2020-04-30,45.54,%
"Proposer une offre de lunettes, appareils auditifs et prothèses dentaires remboursée à 100%",Part des équipements/soins 100% santé dans le total des soins dentaires,tx-equipements-dentaire,84,Vaucluse,2020-05-31,51.14,%
"Proposer une offre de lunettes, appareils auditifs et prothèses dentaires remboursée à 100%",Part des équipements/soins 100% santé dans le total des soins dentaires,tx-equipements-dentaire,84,Vaucluse,2020-06-30,55.35,%
"Proposer une offre de lunettes, appareils auditifs et prothèses dentaires remboursée à 100%",Part des équipements/soins 100% santé dans le total des soins dentaires,tx-equipements-dentaire,84,Vaucluse,2020-07-31,53.82,%
"Proposer une offre de lunettes, appareils auditifs et prothèses dentaires remboursée à 100%",Part des équipements/soins 100% santé dans le total des soins dentaires,tx-equipements-dentaire,84,Vaucluse,2020-08-31,56.91,%
"Proposer une offre de lunettes, appareils auditifs et prothèses dentaires remboursée à 100%",Part des équipements/soins 100% santé dans le total des soins dentaires,tx-equipements-dentaire,84,Vaucluse,2020-09-30,56.24,%
"Proposer une offre de lunettes, appareils auditifs et prothèses dentaires remboursée à 100%",Part des équipements/soins 100% santé dans le total des soins dentaires,tx-equipements-dentaire,84,Vaucluse,2020-10-31,58.39,%
"Proposer une offre de lunettes, appareils auditifs et prothèses dentaires remboursée à 100%",Part des équipements/soins 100% santé dans le total des soins dentaires,tx-equipements-dentaire,84,Vaucluse,2020-11-30,57.55,%
"Proposer une offre de lunettes, appareils auditifs et prothèses dentaires remboursée à 100%",Part des équipements/soins 100% santé dans le total des soins dentaires,tx-equipements-dentaire,84,Vaucluse,2020-12-31,54.39,%
"Proposer une offre de lunettes, appareils auditifs et prothèses dentaires remboursée à 100%",Part des équipements/soins auditives 100% santé dans le total des soins,tx-equipements-audio,84,Vaucluse,2019-01-31,10.49,%
"Proposer une offre de lunettes, appareils auditifs et prothèses dentaires remboursée à 100%",Part des équipements/soins auditives 100% santé dans le total des soins,tx-equipements-audio,84,Vaucluse,2019-02-28,14.48,%
"Proposer une offre de lunettes, appareils auditifs et prothèses dentaires remboursée à 100%",Part des équipements/soins auditives 100% santé dans le total des soins,tx-equipements-audio,84,Vaucluse,2019-03-31,16.74,%
"Proposer une offre de lunettes, appareils auditifs et prothèses dentaires remboursée à 100%",Part des équipements/soins auditives 100% santé dans le total des soins,tx-equipements-audio,84,Vaucluse,2019-04-30,11.43,%
"Proposer une offre de lunettes, appareils auditifs et prothèses dentaires remboursée à 100%",Part des équipements/soins auditives 100% santé dans le total des soins,tx-equipements-audio,84,Vaucluse,2019-05-31,16.62,%
"Proposer une offre de lunettes, appareils auditifs et prothèses dentaires remboursée à 100%",Part des équipements/soins auditives 100% santé dans le total des soins,tx-equipements-audio,84,Vaucluse,2019-06-30,15.82,%
"Proposer une offre de lunettes, appareils auditifs et prothèses dentaires remboursée à 100%",Part des équipements/soins auditives 100% santé dans le total des soins,tx-equipements-audio,84,Vaucluse,2019-07-31,11.89,%
"Proposer une offre de lunettes, appareils auditifs et prothèses dentaires remboursée à 100%",Part des équipements/soins auditives 100% santé dans le total des soins,tx-equipements-audio,84,Vaucluse,2019-08-31,12.13,%
"Proposer une offre de lunettes, appareils auditifs et prothèses dentaires remboursée à 100%",Part des équipements/soins auditives 100% santé dans le total des soins,tx-equipements-audio,84,Vaucluse,2019-09-30,13.58,%
"Proposer une offre de lunettes, appareils auditifs et prothèses dentaires remboursée à 100%",Part des équipements/soins auditives 100% santé dans le total des soins,tx-equipements-audio,84,Vaucluse,2019-10-31,14.52,%
"Proposer une offre de lunettes, appareils auditifs et prothèses dentaires remboursée à 100%",Part des équipements/soins auditives 100% santé dans le total des soins,tx-equipements-audio,84,Vaucluse,2019-11-30,14.27,%
"Proposer une offre de lunettes, appareils auditifs et prothèses dentaires remboursée à 100%",Part des équipements/soins auditives 100% santé dans le total des soins,tx-equipements-audio,84,Vaucluse,2019-12-31,9.82,%
"Proposer une offre de lunettes, appareils auditifs et prothèses dentaires remboursée à 100%",Part des équipements/soins auditives 100% santé dans le total des soins,tx-equipements-audio,84,Vaucluse,2020-01-31,11.94,%
"Proposer une offre de lunettes, appareils auditifs et prothèses dentaires remboursée à 100%",Part des équipements/soins auditives 100% santé dans le total des soins,tx-equipements-audio,84,Vaucluse,2020-02-29,11.43,%
"Proposer une offre de lunettes, appareils auditifs et prothèses dentaires remboursée à 100%",Part des équipements/soins auditives 100% santé dans le total des soins,tx-equipements-audio,84,Vaucluse,2020-03-31,13.13,%
"Proposer une offre de lunettes, appareils auditifs et prothèses dentaires remboursée à 100%",Part des équipements/soins auditives 100% santé dans le total des soins,tx-equipements-audio,84,Vaucluse,2020-04-30,20.18,%
"Proposer une offre de lunettes, appareils auditifs et prothèses dentaires remboursée à 100%",Part des équipements/soins auditives 100% santé dans le total des soins,tx-equipements-audio,84,Vaucluse,2020-05-31,11.04,%
"Proposer une offre de lunettes, appareils auditifs et prothèses dentaires remboursée à 100%",Part des équipements/soins auditives 100% santé dans le total des soins,tx-equipements-audio,84,Vaucluse,2020-06-30,10.44,%
"Proposer une offre de lunettes, appareils auditifs et prothèses dentaires remboursée à 100%",Part des équipements/soins auditives 100% santé dans le total des soins,tx-equipements-audio,84,Vaucluse,2020-07-31,11.85,%
"Proposer une offre de lunettes, appareils auditifs et prothèses dentaires remboursée à 100%",Part des équipements/soins auditives 100% santé dans le total des soins,tx-equipements-audio,84,Vaucluse,2020-08-31,15.77,%
"Proposer une offre de lunettes, appareils auditifs et prothèses dentaires remboursée à 100%",Part des équipements/soins auditives 100% santé dans le total des soins,tx-equipements-audio,84,Vaucluse,2020-09-30,13.17,%
"Proposer une offre de lunettes, appareils auditifs et prothèses dentaires remboursée à 100%",Part des équipements/soins auditives 100% santé dans le total des soins,tx-equipements-audio,84,Vaucluse,2020-10-31,14.55,%
"Proposer une offre de lunettes, appareils auditifs et prothèses dentaires remboursée à 100%",Part des équipements/soins auditives 100% santé dans le total des soins,tx-equipements-audio,84,Vaucluse,2020-11-30,10.87,%
"Proposer une offre de lunettes, appareils auditifs et prothèses dentaires remboursée à 100%",Part des équipements/soins auditives 100% santé dans le total des soins,tx-equipements-audio,84,Vaucluse,2020-12-31,9.39,%
Mettre en œuvre la sortie du plastique à usage unique et lutter contre le gaspillage,Nombre de Français qui peuvent mettre tous les emballages dans le bac jaune,nb-francais-emballages-bac-jaune,84,Vaucluse,2017-06-30,30000.0,habitants
Mettre en œuvre la sortie du plastique à usage unique et lutter contre le gaspillage,Nombre de Français qui peuvent mettre tous les emballages dans le bac jaune,nb-francais-emballages-bac-jaune,84,Vaucluse,2017-12-31,30000.0,habitants
Mettre en œuvre la sortie du plastique à usage unique et lutter contre le gaspillage,Nombre de Français qui peuvent mettre tous les emballages dans le bac jaune,nb-francais-emballages-bac-jaune,84,Vaucluse,2018-06-30,30000.0,habitants
Mettre en œuvre la sortie du plastique à usage unique et lutter contre le gaspillage,Nombre de Français qui peuvent mettre tous les emballages dans le bac jaune,nb-francais-emballages-bac-jaune,84,Vaucluse,2018-12-31,30000.0,habitants
Mettre en œuvre la sortie du plastique à usage unique et lutter contre le gaspillage,Nombre de Français qui peuvent mettre tous les emballages dans le bac jaune,nb-francais-emballages-bac-jaune,84,Vaucluse,2019-06-30,170000.0,habitants
Mettre en œuvre la sortie du plastique à usage unique et lutter contre le gaspillage,Nombre de Français qui peuvent mettre tous les emballages dans le bac jaune,nb-francais-emballages-bac-jaune,84,Vaucluse,2019-12-31,170000.0,habitants
Mettre en œuvre la sortie du plastique à usage unique et lutter contre le gaspillage,Nombre de Français qui peuvent mettre tous les emballages dans le bac jaune,nb-francais-emballages-bac-jaune,84,Vaucluse,2020-06-30,240000.0,habitants
Mettre en œuvre la sortie du plastique à usage unique et lutter contre le gaspillage,Nombre de Français qui peuvent mettre tous les emballages dans le bac jaune,nb-francais-emballages-bac-jaune,84,Vaucluse,2020-12-31,280000.0,habitants
Lutter contre les impayés de pensions alimentaires,Nombre de familles bénéficiaires d'une pension alimentaire versée par l'intermédiaire du service public des pensions alimentaires,nb-familles-aripa,84,Vaucluse,2020-12-31,18.0,familles
Lutter contre les impayés de pensions alimentaires,Nombre de familles bénéficiaires d'une pension alimentaire versée par l'intermédiaire du service public des pensions alimentaires,nb-familles-aripa,84,Vaucluse,2021-01-31,39.0,familles
Lutter contre les impayés de pensions alimentaires,Nombre de familles bénéficiaires d'une pension alimentaire versée par l'intermédiaire du service public des pensions alimentaires,nb-familles-aripa,84,Vaucluse,2021-02-28,62.0,familles
Lutter contre les impayés de pensions alimentaires,Nombre de familles bénéficiaires d'une pension alimentaire versée par l'intermédiaire du service public des pensions alimentaires,nb-familles-aripa,84,Vaucluse,2021-03-31,86.0,familles
Verdir le parc automobile,Nombre de primes à la conversion et de bonus écologiques,nb-primes-conversion,84,Vaucluse,2018-03-31,209.0,primes et bonus
Verdir le parc automobile,Nombre de primes à la conversion et de bonus écologiques,nb-primes-conversion,84,Vaucluse,2018-06-30,904.0,primes et bonus
Verdir le parc automobile,Nombre de primes à la conversion et de bonus écologiques,nb-primes-conversion,84,Vaucluse,2018-09-30,1686.0,primes et bonus
Verdir le parc automobile,Nombre de primes à la conversion et de bonus écologiques,nb-primes-conversion,84,Vaucluse,2018-12-31,2719.0,primes et bonus
Verdir le parc automobile,Nombre de primes à la conversion et de bonus écologiques,nb-primes-conversion,84,Vaucluse,2019-03-31,3840.0,primes et bonus
Verdir le parc automobile,Nombre de primes à la conversion et de bonus écologiques,nb-primes-conversion,84,Vaucluse,2019-06-30,5106.0,primes et bonus
Verdir le parc automobile,Nombre de primes à la conversion et de bonus écologiques,nb-primes-conversion,84,Vaucluse,2019-09-30,6438.0,primes et bonus
Verdir le parc automobile,Nombre de primes à la conversion et de bonus écologiques,nb-primes-conversion,84,Vaucluse,2019-12-31,7340.0,primes et bonus
Verdir le parc automobile,Nombre de primes à la conversion et de bonus écologiques,nb-primes-conversion,84,Vaucluse,2020-03-31,7812.0,primes et bonus
Verdir le parc automobile,Nombre de primes à la conversion et de bonus écologiques,nb-primes-conversion,84,Vaucluse,2020-06-30,8004.0,primes et bonus
Verdir le parc automobile,Nombre de primes à la conversion et de bonus écologiques,nb-primes-conversion,84,Vaucluse,2020-09-30,9414.0,primes et bonus
Verdir le parc automobile,Nombre de primes à la conversion et de bonus écologiques,nb-primes-conversion,84,Vaucluse,2020-12-31,10603.0,primes et bonus
Verdir le parc automobile,Nombre de primes à la conversion et de bonus écologiques,nb-primes-conversion,84,Vaucluse,2021-03-31,11506.0,primes et bonus
Déployer le plan vélo,Kilomètres d'aménagements cyclables sécurisés,km-amenagement-cyclables-securises,84,Vaucluse,2017-12-31,235.0,kilomètres
Déployer le plan vélo,Kilomètres d'aménagements cyclables sécurisés,km-amenagement-cyclables-securises,84,Vaucluse,2018-12-31,239.0,kilomètres
Déployer le plan vélo,Kilomètres d'aménagements cyclables sécurisés,km-amenagement-cyclables-securises,84,Vaucluse,2019-12-31,271.0,kilomètres
Déployer le plan vélo,Kilomètres d'aménagements cyclables sécurisés,km-amenagement-cyclables-securises,84,Vaucluse,2020-09-30,321.0,kilomètres
Déployer le plan vélo,Kilomètres d'aménagements cyclables sécurisés,km-amenagement-cyclables-securises,84,Vaucluse,2020-12-31,325.0,kilomètres
Déployer le plan vélo,Kilomètres d'aménagements cyclables sécurisés,km-amenagement-cyclables-securises,84,Vaucluse,2021-03-31,334.0,kilomètres
Réduire l'utilisation des produits phytosanitaires et accélérer la transition écologique,Surface agricole cultivée en agriculture biologique,surface-agriculture-biologique,84,Vaucluse,2017-12-31,18.9,% de surface agricole
Réduire l'utilisation des produits phytosanitaires et accélérer la transition écologique,Surface agricole cultivée en agriculture biologique,surface-agriculture-biologique,84,Vaucluse,2018-12-31,20.9,% de surface agricole
Réduire l'utilisation des produits phytosanitaires et accélérer la transition écologique,Surface agricole cultivée en agriculture biologique,surface-agriculture-biologique,84,Vaucluse,2019-12-31,23.2,% de surface agricole
Réduire l'utilisation des produits phytosanitaires et accélérer la transition écologique,Nombre d’agriculteurs engagés dans une démarche certifiée de transition agro-écologique,nb-agriculteurs-agro-eco,84,Vaucluse,2017-12-31,878.0,agriculteurs
Réduire l'utilisation des produits phytosanitaires et accélérer la transition écologique,Nombre d’agriculteurs engagés dans une démarche certifiée de transition agro-écologique,nb-agriculteurs-agro-eco,84,Vaucluse,2018-12-31,951.0,agriculteurs
Réduire l'utilisation des produits phytosanitaires et accélérer la transition écologique,Nombre d’agriculteurs engagés dans une démarche certifiée de transition agro-écologique,nb-agriculteurs-agro-eco,84,Vaucluse,2019-12-31,1198.0,agriculteurs
Déployer une offre France Services dans tous les territoires ,Nombre de labellisations (atteinte de l'objectif fixé),nb-labellisations-france-services,84,Vaucluse,2020-01-31,3.0,labellisations
Déployer une offre France Services dans tous les territoires ,Nombre de labellisations (atteinte de l'objectif fixé),nb-labellisations-france-services,84,Vaucluse,2020-02-29,5.0,labellisations
Déployer une offre France Services dans tous les territoires ,Nombre de labellisations (atteinte de l'objectif fixé),nb-labellisations-france-services,84,Vaucluse,2020-03-31,5.0,labellisations
Déployer une offre France Services dans tous les territoires ,Nombre de labellisations (atteinte de l'objectif fixé),nb-labellisations-france-services,84,Vaucluse,2020-04-30,5.0,labellisations
Déployer une offre France Services dans tous les territoires ,Nombre de labellisations (atteinte de l'objectif fixé),nb-labellisations-france-services,84,Vaucluse,2020-05-31,5.0,labellisations
Déployer une offre France Services dans tous les territoires ,Nombre de labellisations (atteinte de l'objectif fixé),nb-labellisations-france-services,84,Vaucluse,2020-06-30,5.0,labellisations
Déployer une offre France Services dans tous les territoires ,Nombre de labellisations (atteinte de l'objectif fixé),nb-labellisations-france-services,84,Vaucluse,2020-07-31,5.0,labellisations
Déployer une offre France Services dans tous les territoires ,Nombre de labellisations (atteinte de l'objectif fixé),nb-labellisations-france-services,84,Vaucluse,2020-08-31,5.0,labellisations
Déployer une offre France Services dans tous les territoires ,Nombre de labellisations (atteinte de l'objectif fixé),nb-labellisations-france-services,84,Vaucluse,2020-09-30,7.0,labellisations
Déployer une offre France Services dans tous les territoires ,Nombre de labellisations (atteinte de l'objectif fixé),nb-labellisations-france-services,84,Vaucluse,2020-10-31,7.0,labellisations
Déployer une offre France Services dans tous les territoires ,Nombre de labellisations (atteinte de l'objectif fixé),nb-labellisations-france-services,84,Vaucluse,2020-11-30,7.0,labellisations
Déployer une offre France Services dans tous les territoires ,Nombre de labellisations (atteinte de l'objectif fixé),nb-labellisations-france-services,84,Vaucluse,2020-12-31,14.0,labellisations
Déployer une offre France Services dans tous les territoires ,Nombre de labellisations (atteinte de l'objectif fixé),nb-labellisations-france-services,84,Vaucluse,2021-01-31,14.0,labellisations
Déployer une offre France Services dans tous les territoires ,Nombre de labellisations (atteinte de l'objectif fixé),nb-labellisations-france-services,84,Vaucluse,2021-02-28,14.0,labellisations
Déployer une offre France Services dans tous les territoires ,Nombre de labellisations (atteinte de l'objectif fixé),nb-labellisations-france-services,84,Vaucluse,2021-03-31,18.0,labellisations
Déployer une offre France Services dans tous les territoires ,Nombre de labellisations (atteinte de l'objectif fixé),nb-labellisations-france-services,84,Vaucluse,2021-04-30,18.0,labellisations
Améliorer la qualité du service rendu à l’usager,Part des lieux d’accueil du public qui publient leurs résultats,tx-transparence-resultats,84,Vaucluse,2017-12-31,6.0,% de réseaux
Améliorer la qualité du service rendu à l’usager,Part des lieux d’accueil du public qui publient leurs résultats,tx-transparence-resultats,84,Vaucluse,2018-12-31,24.0,% de réseaux
Améliorer la qualité du service rendu à l’usager,Part des lieux d’accueil du public qui publient leurs résultats,tx-transparence-resultats,84,Vaucluse,2019-12-31,82.0,% de réseaux
Développer l’apprentissage,Nombre de contrats d’apprentissage,nombre-contrats-apprentissage,84,Vaucluse,2017-12-31,2705.0,contrats
Développer l’apprentissage,Nombre de contrats d’apprentissage,nombre-contrats-apprentissage,84,Vaucluse,2018-12-31,2812.0,contrats
Développer l’apprentissage,Nombre de contrats d’apprentissage,nombre-contrats-apprentissage,84,Vaucluse,2019-12-31,3097.0,contrats
Développer l’apprentissage,Nombre de contrats d’apprentissage,nombre-contrats-apprentissage,84,Vaucluse,2020-12-31,4005.0,contrats
Allonger le congé paternité pour un meilleur développement de l’enfant,Nombre de pères / conjoints prenant un congé de paternité et d’accueil de l’enfant,nb-peres-conge-paternite,84,Vaucluse,2019-03-31,629.0,pères / conjoints dans l'année
Allonger le congé paternité pour un meilleur développement de l’enfant,Nombre de pères / conjoints prenant un congé de paternité et d’accueil de l’enfant,nb-peres-conge-paternite,84,Vaucluse,2019-06-30,507.0,pères / conjoints dans l'année
Allonger le congé paternité pour un meilleur développement de l’enfant,Nombre de pères / conjoints prenant un congé de paternité et d’accueil de l’enfant,nb-peres-conge-paternite,84,Vaucluse,2019-09-30,663.0,pères / conjoints dans l'année
Allonger le congé paternité pour un meilleur développement de l’enfant,Nombre de pères / conjoints prenant un congé de paternité et d’accueil de l’enfant,nb-peres-conge-paternite,84,Vaucluse,2019-12-31,628.0,pères / conjoints dans l'année
Allonger le congé paternité pour un meilleur développement de l’enfant,Nombre de pères / conjoints prenant un congé de paternité et d’accueil de l’enfant,nb-peres-conge-paternite,84,Vaucluse,2020-03-31,601.0,pères / conjoints dans l'année
Allonger le congé paternité pour un meilleur développement de l’enfant,Nombre de pères / conjoints prenant un congé de paternité et d’accueil de l’enfant,nb-peres-conge-paternite,84,Vaucluse,2020-06-30,505.0,pères / conjoints dans l'année
Allonger le congé paternité pour un meilleur développement de l’enfant,Nombre de pères / conjoints prenant un congé de paternité et d’accueil de l’enfant,nb-peres-conge-paternite,84,Vaucluse,2020-09-30,687.0,pères / conjoints dans l'année
Allonger le congé paternité pour un meilleur développement de l’enfant,Nombre de pères / conjoints prenant un congé de paternité et d’accueil de l’enfant,nb-peres-conge-paternite,84,Vaucluse,2020-12-31,606.0,pères / conjoints dans l'année
"Limiter les classes à 24 en grande section, CP, CE1","Part des classes de GS, CP ou CE1 ayant un effectif inférieur ou égal à 24 élèves",tx-classes-cp-ce1,84,Vaucluse,2019-09-30,67.0,% des classes
"Limiter les classes à 24 en grande section, CP, CE1","Part des classes de GS, CP ou CE1 ayant un effectif inférieur ou égal à 24 élèves",tx-classes-cp-ce1,84,Vaucluse,2020-09-30,75.0,% des classes
Doubler le nombre de maisons de santé et de centres de santé dans les territoires,Nombre de maisons de santé pluri-professionnelles,nb-maisons-sante,84,Vaucluse,2017-06-30,2.0,maisons de santé
Doubler le nombre de maisons de santé et de centres de santé dans les territoires,Nombre de maisons de santé pluri-professionnelles,nb-maisons-sante,84,Vaucluse,2017-12-31,4.0,maisons de santé
Doubler le nombre de maisons de santé et de centres de santé dans les territoires,Nombre de maisons de santé pluri-professionnelles,nb-maisons-sante,84,Vaucluse,2018-06-30,4.0,maisons de santé
Doubler le nombre de maisons de santé et de centres de santé dans les territoires,Nombre de maisons de santé pluri-professionnelles,nb-maisons-sante,84,Vaucluse,2018-12-31,9.0,maisons de santé
Doubler le nombre de maisons de santé et de centres de santé dans les territoires,Nombre de maisons de santé pluri-professionnelles,nb-maisons-sante,84,Vaucluse,2019-06-30,9.0,maisons de santé
Doubler le nombre de maisons de santé et de centres de santé dans les territoires,Nombre de maisons de santé pluri-professionnelles,nb-maisons-sante,84,Vaucluse,2019-12-31,10.0,maisons de santé
Doubler le nombre de maisons de santé et de centres de santé dans les territoires,Nombre de maisons de santé pluri-professionnelles,nb-maisons-sante,84,Vaucluse,2020-06-30,14.0,maisons de santé
Doubler le nombre de maisons de santé et de centres de santé dans les territoires,Nombre de maisons de santé pluri-professionnelles,nb-maisons-sante,84,Vaucluse,2020-12-31,18.0,maisons de santé
Lutter contre les atteintes aux principes républicains,Nombre de contrôles réalisés dans le cadre des CLIR ou des dispositifs existant localement avant la mise en place progressive des CLIR,nb-controles-clir,84,Vaucluse,2020-12-31,15.0,contrôles dans l'année
Lutter contre les atteintes aux principes républicains,Nombre de contrôles réalisés dans le cadre des CLIR ou des dispositifs existant localement avant la mise en place progressive des CLIR,nb-controles-clir,84,Vaucluse,2021-01-31,7.0,contrôles dans l'année
Lutter contre les atteintes aux principes républicains,Nombre de contrôles réalisés dans le cadre des CLIR ou des dispositifs existant localement avant la mise en place progressive des CLIR,nb-controles-clir,84,Vaucluse,2021-02-28,8.0,contrôles dans l'année
Lutter contre les atteintes aux principes républicains,Nombre de contrôles réalisés dans le cadre des CLIR ou des dispositifs existant localement avant la mise en place progressive des CLIR,nb-controles-clir,84,Vaucluse,2021-03-31,11.0,contrôles dans l'année
Lutter contre les stupéfiants,Nombre d'amendes forfaitaires délictuelles dressées,nb-amendes-delictuelles-dressees,84,Vaucluse,2020-08-31,0.0,amendes dressées dans l'année
Lutter contre les stupéfiants,Nombre d'amendes forfaitaires délictuelles dressées,nb-amendes-delictuelles-dressees,84,Vaucluse,2020-09-30,85.0,amendes dressées dans l'année
Lutter contre les stupéfiants,Nombre d'amendes forfaitaires délictuelles dressées,nb-amendes-delictuelles-dressees,84,Vaucluse,2020-10-31,102.0,amendes dressées dans l'année
Lutter contre les stupéfiants,Nombre d'amendes forfaitaires délictuelles dressées,nb-amendes-delictuelles-dressees,84,Vaucluse,2020-11-30,106.0,amendes dressées dans l'année
Lutter contre les stupéfiants,Nombre d'amendes forfaitaires délictuelles dressées,nb-amendes-delictuelles-dressees,84,Vaucluse,2020-12-31,83.0,amendes dressées dans l'année
Lutter contre les stupéfiants,Nombre d'amendes forfaitaires délictuelles dressées,nb-amendes-delictuelles-dressees,84,Vaucluse,2021-01-31,70.0,amendes dressées dans l'année
Lutter contre les stupéfiants,Nombre d'amendes forfaitaires délictuelles dressées,nb-amendes-delictuelles-dressees,84,Vaucluse,2021-02-28,99.0,amendes dressées dans l'année
Lutter contre les stupéfiants,Nombre d'amendes forfaitaires délictuelles dressées,nb-amendes-delictuelles-dressees,84,Vaucluse,2021-03-31,137.0,amendes dressées dans l'année
Offrir une scolarisation inclusive à tous les enfants handicapés,"Nombre d’unités locales d’inclusion scolaires (ULIS) pour les élèves en situation de handicap à l’école maternelle, à l’école élémentaire, au collège et au lycée",nombre-creation-ulis,84,Vaucluse,2017-09-30,75.0,unités
Offrir une scolarisation inclusive à tous les enfants handicapés,"Nombre d’unités locales d’inclusion scolaires (ULIS) pour les élèves en situation de handicap à l’école maternelle, à l’école élémentaire, au collège et au lycée",nombre-creation-ulis,84,Vaucluse,2018-09-30,80.0,unités
Offrir une scolarisation inclusive à tous les enfants handicapés,"Nombre d’unités locales d’inclusion scolaires (ULIS) pour les élèves en situation de handicap à l’école maternelle, à l’école élémentaire, au collège et au lycée",nombre-creation-ulis,84,Vaucluse,2019-09-30,83.0,unités
Offrir une scolarisation inclusive à tous les enfants handicapés,"Nombre d’unités locales d’inclusion scolaires (ULIS) pour les élèves en situation de handicap à l’école maternelle, à l’école élémentaire, au collège et au lycée",nombre-creation-ulis,84,Vaucluse,2020-09-30,85.0,unités
Offrir une scolarisation inclusive à tous les enfants handicapés,Nombre de classes adaptées à la scolarisation des enfants autistes (UEMA/UEEA) à l’école maternelle et à l’école élémentaire,nombre-creation-ueea,84,Vaucluse,2017-09-30,1.0,classes
Offrir une scolarisation inclusive à tous les enfants handicapés,Nombre de classes adaptées à la scolarisation des enfants autistes (UEMA/UEEA) à l’école maternelle et à l’école élémentaire,nombre-creation-ueea,84,Vaucluse,2018-09-30,1.0,classes
Offrir une scolarisation inclusive à tous les enfants handicapés,Nombre de classes adaptées à la scolarisation des enfants autistes (UEMA/UEEA) à l’école maternelle et à l’école élémentaire,nombre-creation-ueea,84,Vaucluse,2019-09-30,1.0,classes
Offrir une scolarisation inclusive à tous les enfants handicapés,Nombre de classes adaptées à la scolarisation des enfants autistes (UEMA/UEEA) à l’école maternelle et à l’école élémentaire,nombre-creation-ueea,84,Vaucluse,2020-09-30,2.0,classes
"Dédoubler les classes en REP (grande section, CP, CE1)",Part des classes de CP et CE1 en REP dédoublées,tx-classes-cp-ce1-rep,84,Vaucluse,2019-10-31,99.0,% des classes
"Dédoubler les classes en REP (grande section, CP, CE1)",Part des classes de CP et CE1 en REP dédoublées,tx-classes-cp-ce1-rep,84,Vaucluse,2020-10-31,100.0,% des classes
"Dédoubler les classes en REP (grande section, CP, CE1)",Part des classes de grande section en REP dédoublées,tx-gs-rep,84,Vaucluse,2019-11-30,0.0,% des classes
"Dédoubler les classes en REP (grande section, CP, CE1)",Part des classes de grande section en REP dédoublées,tx-gs-rep,84,Vaucluse,2020-11-30,0.0,% des classes
Réduire la mortalité sur les routes,Nombre de morts sur les routes,nb-morts-routes,84,Vaucluse,2017-01-31,4.0,morts dans l'année
Réduire la mortalité sur les routes,Nombre de morts sur les routes,nb-morts-routes,84,Vaucluse,2017-02-28,2.0,morts dans l'année
Réduire la mortalité sur les routes,Nombre de morts sur les routes,nb-morts-routes,84,Vaucluse,2017-03-31,9.0,morts dans l'année
Réduire la mortalité sur les routes,Nombre de morts sur les routes,nb-morts-routes,84,Vaucluse,2017-04-30,7.0,morts dans l'année
Réduire la mortalité sur les routes,Nombre de morts sur les routes,nb-morts-routes,84,Vaucluse,2017-05-31,3.0,morts dans l'année
Réduire la mortalité sur les routes,Nombre de morts sur les routes,nb-morts-routes,84,Vaucluse,2017-06-30,6.0,morts dans l'année
Réduire la mortalité sur les routes,Nombre de morts sur les routes,nb-morts-routes,84,Vaucluse,2017-07-31,3.0,morts dans l'année
Réduire la mortalité sur les routes,Nombre de morts sur les routes,nb-morts-routes,84,Vaucluse,2017-08-31,3.0,morts dans l'année
Réduire la mortalité sur les routes,Nombre de morts sur les routes,nb-morts-routes,84,Vaucluse,2017-09-30,2.0,morts dans l'année
Réduire la mortalité sur les routes,Nombre de morts sur les routes,nb-morts-routes,84,Vaucluse,2017-10-31,6.0,morts dans l'année
Réduire la mortalité sur les routes,Nombre de morts sur les routes,nb-morts-routes,84,Vaucluse,2017-11-30,2.0,morts dans l'année
Réduire la mortalité sur les routes,Nombre de morts sur les routes,nb-morts-routes,84,Vaucluse,2017-12-31,8.0,morts dans l'année
Réduire la mortalité sur les routes,Nombre de morts sur les routes,nb-morts-routes,84,Vaucluse,2018-01-31,3.0,morts dans l'année
Réduire la mortalité sur les routes,Nombre de morts sur les routes,nb-morts-routes,84,Vaucluse,2018-02-28,4.0,morts dans l'année
Réduire la mortalité sur les routes,Nombre de morts sur les routes,nb-morts-routes,84,Vaucluse,2018-03-31,2.0,morts dans l'année
Réduire la mortalité sur les routes,Nombre de morts sur les routes,nb-morts-routes,84,Vaucluse,2018-04-30,2.0,morts dans l'année
Réduire la mortalité sur les routes,Nombre de morts sur les routes,nb-morts-routes,84,Vaucluse,2018-05-31,5.0,morts dans l'année
Réduire la mortalité sur les routes,Nombre de morts sur les routes,nb-morts-routes,84,Vaucluse,2018-06-30,3.0,morts dans l'année
Réduire la mortalité sur les routes,Nombre de morts sur les routes,nb-morts-routes,84,Vaucluse,2018-07-31,5.0,morts dans l'année
Réduire la mortalité sur les routes,Nombre de morts sur les routes,nb-morts-routes,84,Vaucluse,2018-08-31,0.0,morts dans l'année
Réduire la mortalité sur les routes,Nombre de morts sur les routes,nb-morts-routes,84,Vaucluse,2018-09-30,3.0,morts dans l'année
Réduire la mortalité sur les routes,Nombre de morts sur les routes,nb-morts-routes,84,Vaucluse,2018-10-31,5.0,morts dans l'année
Réduire la mortalité sur les routes,Nombre de morts sur les routes,nb-morts-routes,84,Vaucluse,2018-11-30,2.0,morts dans l'année
Réduire la mortalité sur les routes,Nombre de morts sur les routes,nb-morts-routes,84,Vaucluse,2018-12-31,3.0,morts dans l'année
Réduire la mortalité sur les routes,Nombre de morts sur les routes,nb-morts-routes,84,Vaucluse,2019-01-31,2.0,morts dans l'année
Réduire la mortalité sur les routes,Nombre de morts sur les routes,nb-morts-routes,84,Vaucluse,2019-02-28,4.0,morts dans l'année
Réduire la mortalité sur les routes,Nombre de morts sur les routes,nb-morts-routes,84,Vaucluse,2019-03-31,4.0,morts dans l'année
Réduire la mortalité sur les routes,Nombre de morts sur les routes,nb-morts-routes,84,Vaucluse,2019-04-30,2.0,morts dans l'année
Réduire la mortalité sur les routes,Nombre de morts sur les routes,nb-morts-routes,84,Vaucluse,2019-05-31,2.0,morts dans l'année
Réduire la mortalité sur les routes,Nombre de morts sur les routes,nb-morts-routes,84,Vaucluse,2019-06-30,5.0,morts dans l'année
Réduire la mortalité sur les routes,Nombre de morts sur les routes,nb-morts-routes,84,Vaucluse,2019-07-31,4.0,morts dans l'année
Réduire la mortalité sur les routes,Nombre de morts sur les routes,nb-morts-routes,84,Vaucluse,2019-08-31,6.0,morts dans l'année
Réduire la mortalité sur les routes,Nombre de morts sur les routes,nb-morts-routes,84,Vaucluse,2019-09-30,3.0,morts dans l'année
Réduire la mortalité sur les routes,Nombre de morts sur les routes,nb-morts-routes,84,Vaucluse,2019-10-31,0.0,morts dans l'année
Réduire la mortalité sur les routes,Nombre de morts sur les routes,nb-morts-routes,84,Vaucluse,2019-11-30,0.0,morts dans l'année
Réduire la mortalité sur les routes,Nombre de morts sur les routes,nb-morts-routes,84,Vaucluse,2019-12-31,2.0,morts dans l'année
Réduire la mortalité sur les routes,Nombre de morts sur les routes,nb-morts-routes,84,Vaucluse,2020-01-31,2.0,morts dans l'année
Réduire la mortalité sur les routes,Nombre de morts sur les routes,nb-morts-routes,84,Vaucluse,2020-02-29,1.0,morts dans l'année
Réduire la mortalité sur les routes,Nombre de morts sur les routes,nb-morts-routes,84,Vaucluse,2020-03-31,2.0,morts dans l'année
Réduire la mortalité sur les routes,Nombre de morts sur les routes,nb-morts-routes,84,Vaucluse,2020-04-30,0.0,morts dans l'année
Réduire la mortalité sur les routes,Nombre de morts sur les routes,nb-morts-routes,84,Vaucluse,2020-05-31,2.0,morts dans l'année
Réduire la mortalité sur les routes,Nombre de morts sur les routes,nb-morts-routes,84,Vaucluse,2020-06-30,3.0,morts dans l'année
Réduire la mortalité sur les routes,Nombre de morts sur les routes,nb-morts-routes,84,Vaucluse,2020-07-31,3.0,morts dans l'année
Réduire la mortalité sur les routes,Nombre de morts sur les routes,nb-morts-routes,84,Vaucluse,2020-08-31,0.0,morts dans l'année
Réduire la mortalité sur les routes,Nombre de morts sur les routes,nb-morts-routes,84,Vaucluse,2020-09-30,2.0,morts dans l'année
Réduire la mortalité sur les routes,Nombre de morts sur les routes,nb-morts-routes,84,Vaucluse,2020-10-31,5.0,morts dans l'année
Réduire la mortalité sur les routes,Nombre de morts sur les routes,nb-morts-routes,84,Vaucluse,2020-11-30,3.0,morts dans l'année
Réduire la mortalité sur les routes,Nombre de morts sur les routes,nb-morts-routes,84,Vaucluse,2020-12-31,4.0,morts dans l'année
MaPrimeRénov',Nombre de dossiers MaPrimeRénov' validés,nb-maprimerenov-valides,84,Vaucluse,2020-04-30,3.0,dossiers validés
MaPrimeRénov',Nombre de dossiers MaPrimeRénov' validés,nb-maprimerenov-valides,84,Vaucluse,2020-05-31,36.0,dossiers validés
MaPrimeRénov',Nombre de dossiers MaPrimeRénov' validés,nb-maprimerenov-valides,84,Vaucluse,2020-06-30,79.0,dossiers validés
MaPrimeRénov',Nombre de dossiers MaPrimeRénov' validés,nb-maprimerenov-valides,84,Vaucluse,2020-07-31,194.0,dossiers validés
MaPrimeRénov',Nombre de dossiers MaPrimeRénov' validés,nb-maprimerenov-valides,84,Vaucluse,2020-08-31,390.0,dossiers validés
MaPrimeRénov',Nombre de dossiers MaPrimeRénov' validés,nb-maprimerenov-valides,84,Vaucluse,2020-09-30,516.0,dossiers validés
MaPrimeRénov',Nombre de dossiers MaPrimeRénov' validés,nb-maprimerenov-valides,84,Vaucluse,2020-10-31,650.0,dossiers validés
MaPrimeRénov',Nombre de dossiers MaPrimeRénov' validés,nb-maprimerenov-valides,84,Vaucluse,2020-11-30,837.0,dossiers validés
MaPrimeRénov',Nombre de dossiers MaPrimeRénov' validés,nb-maprimerenov-valides,84,Vaucluse,2020-12-31,1144.0,dossiers validés
MaPrimeRénov',Nombre de dossiers MaPrimeRénov' validés,nb-maprimerenov-valides,84,Vaucluse,2021-01-31,1443.0,dossiers validés
MaPrimeRénov',Nombre de dossiers MaPrimeRénov' validés,nb-maprimerenov-valides,84,Vaucluse,2021-02-28,1803.0,dossiers validés
MaPrimeRénov',Nombre de dossiers MaPrimeRénov' validés,nb-maprimerenov-valides,84,Vaucluse,2021-03-31,2209.0,dossiers validés
Pacte d'ambition pour l'insertion par l'activité économique,Nombre de bénéficiaires en structures d'insertion par l'activité économique,nb-beneficiaires-siae,84,Vaucluse,2017-01-31,1224.0,bénéficiaires
Pacte d'ambition pour l'insertion par l'activité économique,Nombre de bénéficiaires en structures d'insertion par l'activité économique,nb-beneficiaires-siae,84,Vaucluse,2017-02-28,1233.0,bénéficiaires
Pacte d'ambition pour l'insertion par l'activité économique,Nombre de bénéficiaires en structures d'insertion par l'activité économique,nb-beneficiaires-siae,84,Vaucluse,2017-03-31,1263.0,bénéficiaires
Pacte d'ambition pour l'insertion par l'activité économique,Nombre de bénéficiaires en structures d'insertion par l'activité économique,nb-beneficiaires-siae,84,Vaucluse,2017-04-30,1300.0,bénéficiaires
Pacte d'ambition pour l'insertion par l'activité économique,Nombre de bénéficiaires en structures d'insertion par l'activité économique,nb-beneficiaires-siae,84,Vaucluse,2017-05-31,1301.0,bénéficiaires
Pacte d'ambition pour l'insertion par l'activité économique,Nombre de bénéficiaires en structures d'insertion par l'activité économique,nb-beneficiaires-siae,84,Vaucluse,2017-06-30,1277.0,bénéficiaires
Pacte d'ambition pour l'insertion par l'activité économique,Nombre de bénéficiaires en structures d'insertion par l'activité économique,nb-beneficiaires-siae,84,Vaucluse,2017-07-31,1252.0,bénéficiaires
Pacte d'ambition pour l'insertion par l'activité économique,Nombre de bénéficiaires en structures d'insertion par l'activité économique,nb-beneficiaires-siae,84,Vaucluse,2017-08-31,1201.0,bénéficiaires
Pacte d'ambition pour l'insertion par l'activité économique,Nombre de bénéficiaires en structures d'insertion par l'activité économique,nb-beneficiaires-siae,84,Vaucluse,2017-09-30,1440.0,bénéficiaires
Pacte d'ambition pour l'insertion par l'activité économique,Nombre de bénéficiaires en structures d'insertion par l'activité économique,nb-beneficiaires-siae,84,Vaucluse,2017-10-31,1281.0,bénéficiaires
Pacte d'ambition pour l'insertion par l'activité économique,Nombre de bénéficiaires en structures d'insertion par l'activité économique,nb-beneficiaires-siae,84,Vaucluse,2017-11-30,1310.0,bénéficiaires
Pacte d'ambition pour l'insertion par l'activité économique,Nombre de bénéficiaires en structures d'insertion par l'activité économique,nb-beneficiaires-siae,84,Vaucluse,2017-12-31,1267.0,bénéficiaires
Pacte d'ambition pour l'insertion par l'activité économique,Nombre de bénéficiaires en structures d'insertion par l'activité économique,nb-beneficiaires-siae,84,Vaucluse,2018-01-31,1312.0,bénéficiaires
Pacte d'ambition pour l'insertion par l'activité économique,Nombre de bénéficiaires en structures d'insertion par l'activité économique,nb-beneficiaires-siae,84,Vaucluse,2018-02-28,1235.0,bénéficiaires
Pacte d'ambition pour l'insertion par l'activité économique,Nombre de bénéficiaires en structures d'insertion par l'activité économique,nb-beneficiaires-siae,84,Vaucluse,2018-03-31,1244.0,bénéficiaires
Pacte d'ambition pour l'insertion par l'activité économique,Nombre de bénéficiaires en structures d'insertion par l'activité économique,nb-beneficiaires-siae,84,Vaucluse,2018-04-30,1261.0,bénéficiaires
Pacte d'ambition pour l'insertion par l'activité économique,Nombre de bénéficiaires en structures d'insertion par l'activité économique,nb-beneficiaires-siae,84,Vaucluse,2018-05-31,1270.0,bénéficiaires
Pacte d'ambition pour l'insertion par l'activité économique,Nombre de bénéficiaires en structures d'insertion par l'activité économique,nb-beneficiaires-siae,84,Vaucluse,2018-06-30,1279.0,bénéficiaires
Pacte d'ambition pour l'insertion par l'activité économique,Nombre de bénéficiaires en structures d'insertion par l'activité économique,nb-beneficiaires-siae,84,Vaucluse,2018-07-31,1193.0,bénéficiaires
Pacte d'ambition pour l'insertion par l'activité économique,Nombre de bénéficiaires en structures d'insertion par l'activité économique,nb-beneficiaires-siae,84,Vaucluse,2018-08-31,1146.0,bénéficiaires
Pacte d'ambition pour l'insertion par l'activité économique,Nombre de bénéficiaires en structures d'insertion par l'activité économique,nb-beneficiaires-siae,84,Vaucluse,2018-09-30,1346.0,bénéficiaires
Pacte d'ambition pour l'insertion par l'activité économique,Nombre de bénéficiaires en structures d'insertion par l'activité économique,nb-beneficiaires-siae,84,Vaucluse,2018-10-31,1270.0,bénéficiaires
Pacte d'ambition pour l'insertion par l'activité économique,Nombre de bénéficiaires en structures d'insertion par l'activité économique,nb-beneficiaires-siae,84,Vaucluse,2018-11-30,1201.0,bénéficiaires
Pacte d'ambition pour l'insertion par l'activité économique,Nombre de bénéficiaires en structures d'insertion par l'activité économique,nb-beneficiaires-siae,84,Vaucluse,2018-12-31,1137.0,bénéficiaires
Pacte d'ambition pour l'insertion par l'activité économique,Nombre de bénéficiaires en structures d'insertion par l'activité économique,nb-beneficiaires-siae,84,Vaucluse,2019-01-31,1149.0,bénéficiaires
Pacte d'ambition pour l'insertion par l'activité économique,Nombre de bénéficiaires en structures d'insertion par l'activité économique,nb-beneficiaires-siae,84,Vaucluse,2019-02-28,1148.0,bénéficiaires
Pacte d'ambition pour l'insertion par l'activité économique,Nombre de bénéficiaires en structures d'insertion par l'activité économique,nb-beneficiaires-siae,84,Vaucluse,2019-03-31,1172.0,bénéficiaires
Pacte d'ambition pour l'insertion par l'activité économique,Nombre de bénéficiaires en structures d'insertion par l'activité économique,nb-beneficiaires-siae,84,Vaucluse,2019-04-30,1192.0,bénéficiaires
Pacte d'ambition pour l'insertion par l'activité économique,Nombre de bénéficiaires en structures d'insertion par l'activité économique,nb-beneficiaires-siae,84,Vaucluse,2019-05-31,1177.0,bénéficiaires
Pacte d'ambition pour l'insertion par l'activité économique,Nombre de bénéficiaires en structures d'insertion par l'activité économique,nb-beneficiaires-siae,84,Vaucluse,2019-06-30,1181.0,bénéficiaires
Pacte d'ambition pour l'insertion par l'activité économique,Nombre de bénéficiaires en structures d'insertion par l'activité économique,nb-beneficiaires-siae,84,Vaucluse,2019-07-31,1187.0,bénéficiaires
Pacte d'ambition pour l'insertion par l'activité économique,Nombre de bénéficiaires en structures d'insertion par l'activité économique,nb-beneficiaires-siae,84,Vaucluse,2019-08-31,1117.0,bénéficiaires
Pacte d'ambition pour l'insertion par l'activité économique,Nombre de bénéficiaires en structures d'insertion par l'activité économique,nb-beneficiaires-siae,84,Vaucluse,2019-09-30,1357.0,bénéficiaires
Pacte d'ambition pour l'insertion par l'activité économique,Nombre de bénéficiaires en structures d'insertion par l'activité économique,nb-beneficiaires-siae,84,Vaucluse,2019-10-31,1227.0,bénéficiaires
Pacte d'ambition pour l'insertion par l'activité économique,Nombre de bénéficiaires en structures d'insertion par l'activité économique,nb-beneficiaires-siae,84,Vaucluse,2019-11-30,1170.0,bénéficiaires
Pacte d'ambition pour l'insertion par l'activité économique,Nombre de bénéficiaires en structures d'insertion par l'activité économique,nb-beneficiaires-siae,84,Vaucluse,2019-12-31,1131.0,bénéficiaires
Pacte d'ambition pour l'insertion par l'activité économique,Nombre de bénéficiaires en structures d'insertion par l'activité économique,nb-beneficiaires-siae,84,Vaucluse,2020-01-31,1121.0,bénéficiaires
Pacte d'ambition pour l'insertion par l'activité économique,Nombre de bénéficiaires en structures d'insertion par l'activité économique,nb-beneficiaires-siae,84,Vaucluse,2020-02-29,1147.0,bénéficiaires
Pacte d'ambition pour l'insertion par l'activité économique,Nombre de bénéficiaires en structures d'insertion par l'activité économique,nb-beneficiaires-siae,84,Vaucluse,2020-03-31,1133.0,bénéficiaires
Pacte d'ambition pour l'insertion par l'activité économique,Nombre de bénéficiaires en structures d'insertion par l'activité économique,nb-beneficiaires-siae,84,Vaucluse,2020-04-30,748.0,bénéficiaires
Pacte d'ambition pour l'insertion par l'activité économique,Nombre de bénéficiaires en structures d'insertion par l'activité économique,nb-beneficiaires-siae,84,Vaucluse,2020-05-31,964.0,bénéficiaires
Pacte d'ambition pour l'insertion par l'activité économique,Nombre de bénéficiaires en structures d'insertion par l'activité économique,nb-beneficiaires-siae,84,Vaucluse,2020-06-30,1063.0,bénéficiaires
Pacte d'ambition pour l'insertion par l'activité économique,Nombre de bénéficiaires en structures d'insertion par l'activité économique,nb-beneficiaires-siae,84,Vaucluse,2020-07-31,1198.0,bénéficiaires
Pacte d'ambition pour l'insertion par l'activité économique,Nombre de bénéficiaires en structures d'insertion par l'activité économique,nb-beneficiaires-siae,84,Vaucluse,2020-08-31,1189.0,bénéficiaires
Pacte d'ambition pour l'insertion par l'activité économique,Nombre de bénéficiaires en structures d'insertion par l'activité économique,nb-beneficiaires-siae,84,Vaucluse,2020-09-30,1448.0,bénéficiaires
Pacte d'ambition pour l'insertion par l'activité économique,Nombre de bénéficiaires en structures d'insertion par l'activité économique,nb-beneficiaires-siae,84,Vaucluse,2020-10-31,1324.0,bénéficiaires
Pacte d'ambition pour l'insertion par l'activité économique,Nombre de bénéficiaires en structures d'insertion par l'activité économique,nb-beneficiaires-siae,84,Vaucluse,2020-11-30,1302.0,bénéficiaires
Pacte d'ambition pour l'insertion par l'activité économique,Nombre de bénéficiaires en structures d'insertion par l'activité économique,nb-beneficiaires-siae,84,Vaucluse,2020-12-31,1285.0,bénéficiaires
Aide de France Relance aux entreprises,Nombre d'entreprises industrielles et organismes agricoles bénéficiaires des aides à l'investissement de France Relance,nb-entreprises-industrielles-agricoles,84,Vaucluse,2020-11-30,3.0,entreprises industrielles et agricoles
Aide de France Relance aux entreprises,Nombre d'entreprises industrielles et organismes agricoles bénéficiaires des aides à l'investissement de France Relance,nb-entreprises-industrielles-agricoles,84,Vaucluse,2020-12-31,3.0,entreprises industrielles et agricoles
Aide de France Relance aux entreprises,Nombre d'entreprises industrielles et organismes agricoles bénéficiaires des aides à l'investissement de France Relance,nb-entreprises-industrielles-agricoles,84,Vaucluse,2021-01-31,6.0,entreprises industrielles et agricoles
Aide de France Relance aux entreprises,Nombre d'entreprises industrielles et organismes agricoles bénéficiaires des aides à l'investissement de France Relance,nb-entreprises-industrielles-agricoles,84,Vaucluse,2021-02-28,7.0,entreprises industrielles et agricoles
Aide de France Relance aux entreprises,Nombre d'entreprises industrielles et organismes agricoles bénéficiaires des aides à l'investissement de France Relance,nb-entreprises-industrielles-agricoles,84,Vaucluse,2021-03-31,8.0,entreprises industrielles et agricoles
Sécuriser le paiement des aides PAC,Taux de bénéficiaires payés dans les délais prévus,taux-paiement-dpb,84,Vaucluse,2017-12-31,0.0,%
Sécuriser le paiement des aides PAC,Taux de bénéficiaires payés dans les délais prévus,taux-paiement-dpb,84,Vaucluse,2018-12-31,99.42,%
Sécuriser le paiement des aides PAC,Taux de bénéficiaires payés dans les délais prévus,taux-paiement-dpb,84,Vaucluse,2019-12-31,99.23,%
Sécuriser le paiement des aides PAC,Taux de bénéficiaires payés dans les délais prévus,taux-paiement-dpb,84,Vaucluse,2020-12-31,99.94,%
