mesure,indicateur,id_indicateur,code_departement,libelle_departement,valeur_actuelle,date_valeur_actuelle,valeur_initiale,date_valeur_initiale,progression,pourcentage_progression,cible,pourcentage_cible,date_cible,unite
Améliorer la qualité du service rendu à l’usager,Part des lieux d’accueil du public qui publient leurs résultats (national et local),tx-transparence-resultats,39,Jura,74.0,2019-12-31,7.0,2017-12-31,67.0,957.0,100.0,72.0,2022-12-31,% de réseaux
Assurer une bonne couverture en internet fixe et en téléphonie mobile pour tous les Français d'ici 2022,Taux de déploiement de la fibre,taux-deploiement-fibre,39,Jura,26.0,2021-09-30,3.0,2017-12-31,23.0,767.0,,,,% de déploiement
Déployer une offre France services dans tous les territoires ,Nombre de labellisations (atteinte de l'objectif fixé),nb-labellisations-france-services,39,Jura,18.0,2022-03-31,3.0,2020-01-31,15.0,500.0,26.0,65.0,2022-12-31,labellisations
Redynamiser les cœurs de ville,Nombre de logements rénovés dans les petites villes (- de 20 000 habitants),nb-logements-renoves-petites-villes,39,Jura,66.0,2022-02-28,0.0,2020-09-30,66.0,,,,,logements rénovés
Redynamiser les cœurs de ville,Nombre de logements ayant bénéficié d'un accompagnement (réhabilitation ou subvention),nb-logement-accompagnement,39,Jura,424.0,2022-02-28,0.0,2019-12-31,424.0,,392.0,100.0,2022-12-31,logements
Redynamiser les cœurs de ville,Nombre de logements rénovés dans les villes moyennes (+ de 20 000 habitants),nb-logement-accompagnement,39,Jura,424.0,2022-02-28,0.0,2019-12-31,424.0,,392.0,100.0,2022-12-31,logements rénovés
