mesure,indicateur,id_indicateur,code_departement,libelle_departement,valeur_actuelle,date_valeur_actuelle,valeur_initiale,date_valeur_initiale,progression,pourcentage_progression,cible,pourcentage_cible,date_cible,unite
Améliorer la qualité du service rendu à l’usager,Part des lieux d’accueil du public qui publient leurs résultats,tx-transparence-resultats,44,Loire-Atlantique,83.0,2019-12-31,6.0,2017-12-31,77.0,1283.0,100.0,82.0,2022-12-31,% de réseaux
Assurer une bonne couverture en internet fixe et en téléphonie mobile pour tous les Français d'ici 2022,Taux de déploiement de la fibre,taux-deploiement-fibre,44,Loire-Atlantique,55.0,2020-12-31,21.0,2017-12-31,34.0,162.0,,,,% de déploiement
Déployer une offre France Services dans tous les territoires ,Nombre de labellisations (atteinte de l'objectif fixé),nb-labellisations-france-services,44,Loire-Atlantique,10.0,2021-04-30,0.0,2017-01-01,10.0,,30.0,33.0,2022-12-31,labellisations
Redynamiser les cœurs de ville,Nombre de logements ayant bénéficié d'un accompagnement (réhabilitation ou subvention),nb-logement-accompagnement,44,Loire-Atlantique,828.0,2021-03-31,0.0,,828.0,,,,,logements
