mesure,indicateur,id_indicateur,code_departement,libelle_departement,valeur_actuelle,date_valeur_actuelle,valeur_initiale,date_valeur_initiale,progression,pourcentage_progression,cible,pourcentage_cible,date_cible,unite
Améliorer la qualité du service rendu à l’usager,Part des lieux d’accueil du public qui publient leurs résultats (national et local),tx-transparence-resultats,92,Hauts-de-Seine,75.0,2019-12-31,9.0,2017-12-31,66.0,733.0,100.0,73.0,2022-12-31,% de réseaux
Assurer une bonne couverture en internet fixe et en téléphonie mobile pour tous les Français d'ici 2022,Taux de déploiement de la fibre,taux-deploiement-fibre,92,Hauts-de-Seine,93.0,2021-09-30,86.0,2017-12-31,7.0,8.0,95.0,78.0,2022-12-31,% de déploiement
Déployer une offre France Services dans tous les territoires ,Nombre de labellisations (atteinte de l'objectif fixé),nb-labellisations-france-services,92,Hauts-de-Seine,8.0,2021-12-31,0.0,2017-01-01,8.0,,9.0,89.0,2022-12-31,labellisations
Redynamiser les cœurs de ville,Nombre de logements ayant bénéficié d'un accompagnement (réhabilitation ou subvention),nb-logement-accompagnement,92,Hauts-de-Seine,0.0,2021-02-28,0.0,,0.0,,,,,logements
Redynamiser les cœurs de ville,Nombre de logements rénovés dans les villes moyennes (+ de 20 000 habitants),nb-logement-accompagnement,92,Hauts-de-Seine,0.0,2021-02-28,0.0,,0.0,,,,,logements rénovés
