mesure,indicateur,id_indicateur,code_departement,libelle_departement,valeur_actuelle,date_valeur_actuelle,valeur_initiale,date_valeur_initiale,progression,pourcentage_progression,cible,pourcentage_cible,date_cible,unite
Améliorer la qualité du service rendu à l’usager,Part des lieux d’accueil du public qui publient leurs résultats (national et local),tx-transparence-resultats,54,Meurthe-et-Moselle,76.0,2022-12-31,6.0,2017-12-31,70.0,1167.0,100.0,74.0,2022-12-31,% de réseaux
Assurer une bonne couverture en internet fixe et en téléphonie mobile pour tous les Français d'ici 2022,Taux de déploiement de la fibre,taux-deploiement-fibre,54,Meurthe-et-Moselle,78.0,2022-09-30,21.0,2017-12-31,57.0,271.0,,,,% de déploiement
Déployer une offre France services dans tous les territoires ,Nombre de labellisations (atteinte de l'objectif fixé),nb-labellisations-france-services,54,Meurthe-et-Moselle,24.0,2022-12-31,5.0,2020-01-31,19.0,380.0,27.0,86.0,2022-12-31,labellisations
Redynamiser les cœurs de ville,Nombre de logements rénovés dans les petites villes (- de 20 000 habitants),nb-logements-renoves-petites-villes,54,Meurthe-et-Moselle,276.0,2022-06-30,0.0,2020-09-30,276.0,,,,,logements rénovés
Redynamiser les cœurs de ville,Nombre de logements ayant bénéficié d'un accompagnement (réhabilitation ou subvention),nb-logement-accompagnement,54,Meurthe-et-Moselle,531.0,2022-09-30,0.0,2019-12-31,531.0,,,,,logements
Redynamiser les cœurs de ville,Nombre de logements rénovés dans les villes moyennes (+ de 20 000 habitants),nb-logement-accompagnement,54,Meurthe-et-Moselle,531.0,2022-09-30,0.0,2019-12-31,531.0,,,,,logements rénovés
