mesure,indicateur,id_indicateur,code_departement,libelle_departement,valeur_actuelle,date_valeur_actuelle,valeur_initiale,date_valeur_initiale,progression,pourcentage_progression,cible,pourcentage_cible,date_cible,unite
Améliorer la qualité du service rendu à l’usager,Part des lieux d’accueil du public qui publient leurs résultats (national et local),tx-transparence-resultats,66,Pyrénées-Orientales,80.0,2019-12-31,6.0,2017-12-31,74.0,1233.0,100.0,79.0,2022-12-31,% de réseaux
Assurer une bonne couverture en internet fixe et en téléphonie mobile pour tous les Français d'ici 2022,Taux de déploiement de la fibre,taux-deploiement-fibre,66,Pyrénées-Orientales,59.0,2021-09-30,17.0,2017-12-31,42.0,247.0,,,,% de déploiement
Déployer une offre France services dans tous les territoires ,Nombre de labellisations (atteinte de l'objectif fixé),nb-labellisations-france-services,66,Pyrénées-Orientales,23.0,2022-03-31,4.0,2020-01-31,19.0,475.0,23.0,100.0,2022-12-31,labellisations
Redynamiser les cœurs de ville,Nombre de logements rénovés dans les petites villes (- de 20 000 habitants),nb-logements-renoves-petites-villes,66,Pyrénées-Orientales,239.0,2022-02-28,0.0,2020-09-30,239.0,,,,,logements rénovés
Redynamiser les cœurs de ville,Nombre de logements ayant bénéficié d'un accompagnement (réhabilitation ou subvention),nb-logement-accompagnement,66,Pyrénées-Orientales,760.0,2022-02-28,0.0,2019-12-31,760.0,,,,,logements
Redynamiser les cœurs de ville,Nombre de logements rénovés dans les villes moyennes (+ de 20 000 habitants),nb-logement-accompagnement,66,Pyrénées-Orientales,760.0,2022-02-28,0.0,2019-12-31,760.0,,,,,logements rénovés
