mesure,indicateur,id_indicateur,code_departement,libelle_departement,valeur_actuelle,date_valeur_actuelle,valeur_initiale,date_valeur_initiale,progression,pourcentage_progression,cible,pourcentage_cible,date_cible,unite
Améliorer la qualité du service rendu à l’usager,Part des lieux d’accueil du public qui publient leurs résultats (national et local),tx-transparence-resultats,21,Côte-d'Or,80.0,2019-12-31,8.0,2017-12-31,72.0,900.0,100.0,78.0,2022-12-31,% de réseaux
Assurer une bonne couverture en internet fixe et en téléphonie mobile pour tous les Français d'ici 2022,Taux de déploiement de la fibre,taux-deploiement-fibre,21,Côte-d'Or,58.0,2021-09-30,26.0,2017-12-31,32.0,123.0,75.0,65.0,2022-12-31,% de déploiement
Déployer une offre France Services dans tous les territoires ,Nombre de labellisations (atteinte de l'objectif fixé),nb-labellisations-france-services,21,Côte-d'Or,14.0,2021-12-31,0.0,2017-01-01,14.0,,21.0,67.0,2022-12-31,labellisations
Redynamiser les cœurs de ville,Nombre de logements rénovés dans les petites villes (- de 20 000 habitants),nb-logements-renoves-petites-villes,21,Côte-d'Or,90.0,2021-11-30,,,,,,,,logements rénovés depuis octobre 2020
