mesure,indicateur,id_indicateur,code_departement,libelle_departement,valeur_actuelle,date_valeur_actuelle,valeur_initiale,date_valeur_initiale,progression,pourcentage_progression,cible,pourcentage_cible,date_cible,unite
Améliorer la qualité du service rendu à l’usager,Part des lieux d’accueil du public qui publient leurs résultats,tx-transparence-resultats,41,Loir-et-Cher,81.0,2019-12-31,6.0,2017-12-31,75.0,1250.0,100.0,80.0,2022-12-31,% de réseaux
Assurer une bonne couverture en internet fixe et en téléphonie mobile pour tous les Français d'ici 2022,Taux de déploiement de la fibre,taux-deploiement-fibre,41,Loir-et-Cher,34.0,2020-12-31,10.0,2017-12-31,24.0,240.0,,,,% de déploiement
Déployer une offre France Services dans tous les territoires ,Nombre de labellisations (atteinte de l'objectif fixé),nb-labellisations-france-services,41,Loir-et-Cher,13.0,2021-04-30,0.0,2017-01-01,13.0,,21.0,62.0,2022-12-31,labellisations
Redynamiser les cœurs de ville,Nombre de logements ayant bénéficié d'un accompagnement (réhabilitation ou subvention),nb-logement-accompagnement,41,Loir-et-Cher,475.0,2021-03-31,0.0,,475.0,,,,,logements
