mesure,indicateur,id_indicateur,code_departement,libelle_departement,date,valeur,unite
Assurer une bonne couverture en internet fixe et en téléphonie mobile pour tous les Français d'ici 2022,Taux de déploiement de la fibre,taux-deploiement-fibre,13,Bouches-du-Rhône,2017-12-31,34.0,% de déploiement
Assurer une bonne couverture en internet fixe et en téléphonie mobile pour tous les Français d'ici 2022,Taux de déploiement de la fibre,taux-deploiement-fibre,13,Bouches-du-Rhône,2018-03-31,35.0,% de déploiement
Assurer une bonne couverture en internet fixe et en téléphonie mobile pour tous les Français d'ici 2022,Taux de déploiement de la fibre,taux-deploiement-fibre,13,Bouches-du-Rhône,2018-06-30,36.0,% de déploiement
Assurer une bonne couverture en internet fixe et en téléphonie mobile pour tous les Français d'ici 2022,Taux de déploiement de la fibre,taux-deploiement-fibre,13,Bouches-du-Rhône,2018-09-30,38.0,% de déploiement
Assurer une bonne couverture en internet fixe et en téléphonie mobile pour tous les Français d'ici 2022,Taux de déploiement de la fibre,taux-deploiement-fibre,13,Bouches-du-Rhône,2018-12-31,42.0,% de déploiement
Assurer une bonne couverture en internet fixe et en téléphonie mobile pour tous les Français d'ici 2022,Taux de déploiement de la fibre,taux-deploiement-fibre,13,Bouches-du-Rhône,2019-03-31,44.0,% de déploiement
Assurer une bonne couverture en internet fixe et en téléphonie mobile pour tous les Français d'ici 2022,Taux de déploiement de la fibre,taux-deploiement-fibre,13,Bouches-du-Rhône,2019-06-30,49.0,% de déploiement
Assurer une bonne couverture en internet fixe et en téléphonie mobile pour tous les Français d'ici 2022,Taux de déploiement de la fibre,taux-deploiement-fibre,13,Bouches-du-Rhône,2019-09-30,52.0,% de déploiement
Assurer une bonne couverture en internet fixe et en téléphonie mobile pour tous les Français d'ici 2022,Taux de déploiement de la fibre,taux-deploiement-fibre,13,Bouches-du-Rhône,2019-12-31,51.0,% de déploiement
Assurer une bonne couverture en internet fixe et en téléphonie mobile pour tous les Français d'ici 2022,Taux de déploiement de la fibre,taux-deploiement-fibre,13,Bouches-du-Rhône,2020-03-31,55.0,% de déploiement
Assurer une bonne couverture en internet fixe et en téléphonie mobile pour tous les Français d'ici 2022,Taux de déploiement de la fibre,taux-deploiement-fibre,13,Bouches-du-Rhône,2020-06-30,59.0,% de déploiement
Assurer une bonne couverture en internet fixe et en téléphonie mobile pour tous les Français d'ici 2022,Taux de déploiement de la fibre,taux-deploiement-fibre,13,Bouches-du-Rhône,2020-09-30,65.0,% de déploiement
Assurer une bonne couverture en internet fixe et en téléphonie mobile pour tous les Français d'ici 2022,Taux de déploiement de la fibre,taux-deploiement-fibre,13,Bouches-du-Rhône,2020-12-31,70.0,% de déploiement
Assurer une bonne couverture en internet fixe et en téléphonie mobile pour tous les Français d'ici 2022,Taux de déploiement de la fibre,taux-deploiement-fibre,13,Bouches-du-Rhône,2021-03-31,73.0,% de déploiement
Déployer une offre France Services dans tous les territoires ,Nombre de labellisations (atteinte de l'objectif fixé),nb-labellisations-france-services,13,Bouches-du-Rhône,2020-01-31,4.0,labellisations
Déployer une offre France Services dans tous les territoires ,Nombre de labellisations (atteinte de l'objectif fixé),nb-labellisations-france-services,13,Bouches-du-Rhône,2020-02-29,4.0,labellisations
Déployer une offre France Services dans tous les territoires ,Nombre de labellisations (atteinte de l'objectif fixé),nb-labellisations-france-services,13,Bouches-du-Rhône,2020-03-31,4.0,labellisations
Déployer une offre France Services dans tous les territoires ,Nombre de labellisations (atteinte de l'objectif fixé),nb-labellisations-france-services,13,Bouches-du-Rhône,2020-04-30,4.0,labellisations
Déployer une offre France Services dans tous les territoires ,Nombre de labellisations (atteinte de l'objectif fixé),nb-labellisations-france-services,13,Bouches-du-Rhône,2020-05-31,4.0,labellisations
Déployer une offre France Services dans tous les territoires ,Nombre de labellisations (atteinte de l'objectif fixé),nb-labellisations-france-services,13,Bouches-du-Rhône,2020-06-30,4.0,labellisations
Déployer une offre France Services dans tous les territoires ,Nombre de labellisations (atteinte de l'objectif fixé),nb-labellisations-france-services,13,Bouches-du-Rhône,2020-07-31,4.0,labellisations
Déployer une offre France Services dans tous les territoires ,Nombre de labellisations (atteinte de l'objectif fixé),nb-labellisations-france-services,13,Bouches-du-Rhône,2020-08-31,4.0,labellisations
Déployer une offre France Services dans tous les territoires ,Nombre de labellisations (atteinte de l'objectif fixé),nb-labellisations-france-services,13,Bouches-du-Rhône,2020-09-30,10.0,labellisations
Déployer une offre France Services dans tous les territoires ,Nombre de labellisations (atteinte de l'objectif fixé),nb-labellisations-france-services,13,Bouches-du-Rhône,2020-10-31,10.0,labellisations
Déployer une offre France Services dans tous les territoires ,Nombre de labellisations (atteinte de l'objectif fixé),nb-labellisations-france-services,13,Bouches-du-Rhône,2020-11-30,10.0,labellisations
Déployer une offre France Services dans tous les territoires ,Nombre de labellisations (atteinte de l'objectif fixé),nb-labellisations-france-services,13,Bouches-du-Rhône,2020-12-31,13.0,labellisations
Déployer une offre France Services dans tous les territoires ,Nombre de labellisations (atteinte de l'objectif fixé),nb-labellisations-france-services,13,Bouches-du-Rhône,2021-01-31,13.0,labellisations
Déployer une offre France Services dans tous les territoires ,Nombre de labellisations (atteinte de l'objectif fixé),nb-labellisations-france-services,13,Bouches-du-Rhône,2021-02-28,13.0,labellisations
Déployer une offre France Services dans tous les territoires ,Nombre de labellisations (atteinte de l'objectif fixé),nb-labellisations-france-services,13,Bouches-du-Rhône,2021-03-31,18.0,labellisations
Déployer une offre France Services dans tous les territoires ,Nombre de labellisations (atteinte de l'objectif fixé),nb-labellisations-france-services,13,Bouches-du-Rhône,2021-04-30,18.0,labellisations
Déployer une offre France Services dans tous les territoires ,Nombre de labellisations (atteinte de l'objectif fixé),nb-labellisations-france-services,13,Bouches-du-Rhône,2021-05-31,18.0,labellisations
Déployer une offre France Services dans tous les territoires ,Nombre de labellisations (atteinte de l'objectif fixé),nb-labellisations-france-services,13,Bouches-du-Rhône,2021-06-30,18.0,labellisations
Déployer une offre France Services dans tous les territoires ,Nombre de labellisations (atteinte de l'objectif fixé),nb-labellisations-france-services,13,Bouches-du-Rhône,2021-07-31,22.0,labellisations
Améliorer la qualité du service rendu à l’usager,Part des lieux d’accueil du public qui publient leurs résultats (national et local),tx-transparence-resultats,13,Bouches-du-Rhône,2017-12-31,8.0,% de réseaux
Améliorer la qualité du service rendu à l’usager,Part des lieux d’accueil du public qui publient leurs résultats (national et local),tx-transparence-resultats,13,Bouches-du-Rhône,2018-12-31,31.0,% de réseaux
Améliorer la qualité du service rendu à l’usager,Part des lieux d’accueil du public qui publient leurs résultats (national et local),tx-transparence-resultats,13,Bouches-du-Rhône,2019-12-31,82.0,% de réseaux
Redynamiser les cœurs de ville,Nombre de logements rénovés dans les petites villes (- de 20 000 habitants),nb-logements-renoves-petites-villes,13,Bouches-du-Rhône,2020-10-31,14.0,logements rénovés
Redynamiser les cœurs de ville,Nombre de logements rénovés dans les petites villes (- de 20 000 habitants),nb-logements-renoves-petites-villes,13,Bouches-du-Rhône,2020-11-30,15.0,logements rénovés
Redynamiser les cœurs de ville,Nombre de logements rénovés dans les petites villes (- de 20 000 habitants),nb-logements-renoves-petites-villes,13,Bouches-du-Rhône,2020-12-31,31.0,logements rénovés
Redynamiser les cœurs de ville,Nombre de logements rénovés dans les petites villes (- de 20 000 habitants),nb-logements-renoves-petites-villes,13,Bouches-du-Rhône,2021-01-31,31.0,logements rénovés
Redynamiser les cœurs de ville,Nombre de logements rénovés dans les petites villes (- de 20 000 habitants),nb-logements-renoves-petites-villes,13,Bouches-du-Rhône,2021-02-28,31.0,logements rénovés
Redynamiser les cœurs de ville,Nombre de logements rénovés dans les petites villes (- de 20 000 habitants),nb-logements-renoves-petites-villes,13,Bouches-du-Rhône,2021-03-31,43.0,logements rénovés
Redynamiser les cœurs de ville,Nombre de logements rénovés dans les petites villes (- de 20 000 habitants),nb-logements-renoves-petites-villes,13,Bouches-du-Rhône,2021-04-30,47.0,logements rénovés
Redynamiser les cœurs de ville,Nombre de logements rénovés dans les petites villes (- de 20 000 habitants),nb-logements-renoves-petites-villes,13,Bouches-du-Rhône,2021-05-31,60.0,logements rénovés
Redynamiser les cœurs de ville,Nombre de logements ayant bénéficié d'un accompagnement (réhabilitation ou subvention),nb-logement-accompagnement,13,Bouches-du-Rhône,2020-01-31,160.0,logements
Redynamiser les cœurs de ville,Nombre de logements rénovés dans les villes moyennes (+ de 20 000 habitants),nb-logement-accompagnement,13,Bouches-du-Rhône,2020-01-31,160.0,logements rénovés
Redynamiser les cœurs de ville,Nombre de logements ayant bénéficié d'un accompagnement (réhabilitation ou subvention),nb-logement-accompagnement,13,Bouches-du-Rhône,2021-01-31,209.0,logements
Redynamiser les cœurs de ville,Nombre de logements rénovés dans les villes moyennes (+ de 20 000 habitants),nb-logement-accompagnement,13,Bouches-du-Rhône,2021-01-31,209.0,logements rénovés
Redynamiser les cœurs de ville,Nombre de logements ayant bénéficié d'un accompagnement (réhabilitation ou subvention),nb-logement-accompagnement,13,Bouches-du-Rhône,2021-02-28,209.0,logements
Redynamiser les cœurs de ville,Nombre de logements rénovés dans les villes moyennes (+ de 20 000 habitants),nb-logement-accompagnement,13,Bouches-du-Rhône,2021-02-28,209.0,logements rénovés
Redynamiser les cœurs de ville,Nombre de logements ayant bénéficié d'un accompagnement (réhabilitation ou subvention),nb-logement-accompagnement,13,Bouches-du-Rhône,2021-03-31,251.0,logements
Redynamiser les cœurs de ville,Nombre de logements rénovés dans les villes moyennes (+ de 20 000 habitants),nb-logement-accompagnement,13,Bouches-du-Rhône,2021-03-31,251.0,logements rénovés
Redynamiser les cœurs de ville,Nombre de logements ayant bénéficié d'un accompagnement (réhabilitation ou subvention),nb-logement-accompagnement,13,Bouches-du-Rhône,2021-04-30,251.0,logements
Redynamiser les cœurs de ville,Nombre de logements rénovés dans les villes moyennes (+ de 20 000 habitants),nb-logement-accompagnement,13,Bouches-du-Rhône,2021-04-30,251.0,logements rénovés
Redynamiser les cœurs de ville,Nombre de logements ayant bénéficié d'un accompagnement (réhabilitation ou subvention),nb-logement-accompagnement,13,Bouches-du-Rhône,2021-05-31,251.0,logements
Redynamiser les cœurs de ville,Nombre de logements rénovés dans les villes moyennes (+ de 20 000 habitants),nb-logement-accompagnement,13,Bouches-du-Rhône,2021-05-31,251.0,logements rénovés
