mesure,indicateur,id_indicateur,code_region,libelle_region,date,valeur,unite
Redynamiser les cœurs de ville,Nombre de logements rénovés dans les petites villes (- de 20 000 habitants),nb-logements-renoves-petites-villes,24,Centre-Val de Loire,2020-10-31,56.0,logements rénovés
Redynamiser les cœurs de ville,Nombre de logements rénovés dans les petites villes (- de 20 000 habitants),nb-logements-renoves-petites-villes,24,Centre-Val de Loire,2020-11-30,93.0,logements rénovés
Redynamiser les cœurs de ville,Nombre de logements rénovés dans les petites villes (- de 20 000 habitants),nb-logements-renoves-petites-villes,24,Centre-Val de Loire,2020-12-31,160.0,logements rénovés
Redynamiser les cœurs de ville,Nombre de logements rénovés dans les petites villes (- de 20 000 habitants),nb-logements-renoves-petites-villes,24,Centre-Val de Loire,2021-01-31,160.0,logements rénovés
Redynamiser les cœurs de ville,Nombre de logements rénovés dans les petites villes (- de 20 000 habitants),nb-logements-renoves-petites-villes,24,Centre-Val de Loire,2021-02-28,207.0,logements rénovés
Redynamiser les cœurs de ville,Nombre de logements rénovés dans les petites villes (- de 20 000 habitants),nb-logements-renoves-petites-villes,24,Centre-Val de Loire,2021-03-31,296.0,logements rénovés
Redynamiser les cœurs de ville,Nombre de logements rénovés dans les petites villes (- de 20 000 habitants),nb-logements-renoves-petites-villes,24,Centre-Val de Loire,2021-04-30,341.0,logements rénovés
Redynamiser les cœurs de ville,Nombre de logements rénovés dans les petites villes (- de 20 000 habitants),nb-logements-renoves-petites-villes,24,Centre-Val de Loire,2021-05-31,406.0,logements rénovés
Redynamiser les cœurs de ville,Nombre de logements rénovés dans les petites villes (- de 20 000 habitants),nb-logements-renoves-petites-villes,24,Centre-Val de Loire,2021-06-30,476.0,logements rénovés
Redynamiser les cœurs de ville,Nombre de logements rénovés dans les petites villes (- de 20 000 habitants),nb-logements-renoves-petites-villes,24,Centre-Val de Loire,2021-07-31,549.0,logements rénovés
Redynamiser les cœurs de ville,Nombre de logements rénovés dans les petites villes (- de 20 000 habitants),nb-logements-renoves-petites-villes,24,Centre-Val de Loire,2021-08-31,574.0,logements rénovés
Redynamiser les cœurs de ville,Nombre de logements rénovés dans les petites villes (- de 20 000 habitants),nb-logements-renoves-petites-villes,24,Centre-Val de Loire,2021-09-30,623.0,logements rénovés
Redynamiser les cœurs de ville,Nombre de logements rénovés dans les petites villes (- de 20 000 habitants),nb-logements-renoves-petites-villes,24,Centre-Val de Loire,2021-10-31,680.0,logements rénovés
Redynamiser les cœurs de ville,Nombre de logements rénovés dans les petites villes (- de 20 000 habitants),nb-logements-renoves-petites-villes,24,Centre-Val de Loire,2021-11-30,718.0,logements rénovés
Redynamiser les cœurs de ville,Nombre de logements ayant bénéficié d'un accompagnement (réhabilitation ou subvention),nb-logement-accompagnement,24,Centre-Val de Loire,2020-01-31,1637.0,logements
Redynamiser les cœurs de ville,Nombre de logements rénovés dans les villes moyennes (+ de 20 000 habitants),nb-logement-accompagnement,24,Centre-Val de Loire,2020-01-31,1637.0,logements rénovés
Redynamiser les cœurs de ville,Nombre de logements ayant bénéficié d'un accompagnement (réhabilitation ou subvention),nb-logement-accompagnement,24,Centre-Val de Loire,2020-12-31,2282.0,logements
Redynamiser les cœurs de ville,Nombre de logements rénovés dans les villes moyennes (+ de 20 000 habitants),nb-logement-accompagnement,24,Centre-Val de Loire,2020-12-31,2282.0,logements rénovés
Redynamiser les cœurs de ville,Nombre de logements ayant bénéficié d'un accompagnement (réhabilitation ou subvention),nb-logement-accompagnement,24,Centre-Val de Loire,2021-01-31,2293.0,logements
Redynamiser les cœurs de ville,Nombre de logements rénovés dans les villes moyennes (+ de 20 000 habitants),nb-logement-accompagnement,24,Centre-Val de Loire,2021-01-31,2293.0,logements rénovés
Redynamiser les cœurs de ville,Nombre de logements ayant bénéficié d'un accompagnement (réhabilitation ou subvention),nb-logement-accompagnement,24,Centre-Val de Loire,2021-02-28,2315.0,logements
Redynamiser les cœurs de ville,Nombre de logements rénovés dans les villes moyennes (+ de 20 000 habitants),nb-logement-accompagnement,24,Centre-Val de Loire,2021-02-28,2315.0,logements rénovés
Redynamiser les cœurs de ville,Nombre de logements ayant bénéficié d'un accompagnement (réhabilitation ou subvention),nb-logement-accompagnement,24,Centre-Val de Loire,2021-03-31,2381.0,logements
Redynamiser les cœurs de ville,Nombre de logements rénovés dans les villes moyennes (+ de 20 000 habitants),nb-logement-accompagnement,24,Centre-Val de Loire,2021-03-31,2381.0,logements rénovés
Redynamiser les cœurs de ville,Nombre de logements ayant bénéficié d'un accompagnement (réhabilitation ou subvention),nb-logement-accompagnement,24,Centre-Val de Loire,2021-04-30,2822.0,logements
Redynamiser les cœurs de ville,Nombre de logements rénovés dans les villes moyennes (+ de 20 000 habitants),nb-logement-accompagnement,24,Centre-Val de Loire,2021-04-30,2822.0,logements rénovés
Redynamiser les cœurs de ville,Nombre de logements ayant bénéficié d'un accompagnement (réhabilitation ou subvention),nb-logement-accompagnement,24,Centre-Val de Loire,2021-05-31,2494.0,logements
Redynamiser les cœurs de ville,Nombre de logements rénovés dans les villes moyennes (+ de 20 000 habitants),nb-logement-accompagnement,24,Centre-Val de Loire,2021-05-31,2494.0,logements rénovés
Redynamiser les cœurs de ville,Nombre de logements ayant bénéficié d'un accompagnement (réhabilitation ou subvention),nb-logement-accompagnement,24,Centre-Val de Loire,2021-09-30,2870.0,logements
Redynamiser les cœurs de ville,Nombre de logements rénovés dans les villes moyennes (+ de 20 000 habitants),nb-logement-accompagnement,24,Centre-Val de Loire,2021-09-30,2870.0,logements rénovés
Redynamiser les cœurs de ville,Nombre de logements ayant bénéficié d'un accompagnement (réhabilitation ou subvention),nb-logement-accompagnement,24,Centre-Val de Loire,2021-12-31,3408.0,logements
Redynamiser les cœurs de ville,Nombre de logements rénovés dans les villes moyennes (+ de 20 000 habitants),nb-logement-accompagnement,24,Centre-Val de Loire,2021-12-31,3408.0,logements rénovés
Déployer une offre France Services dans tous les territoires ,Nombre de labellisations (atteinte de l'objectif fixé),nb-labellisations-france-services,24,Centre-Val de Loire,2020-01-31,21.0,labellisations
Déployer une offre France Services dans tous les territoires ,Nombre de labellisations (atteinte de l'objectif fixé),nb-labellisations-france-services,24,Centre-Val de Loire,2020-02-29,24.0,labellisations
Déployer une offre France Services dans tous les territoires ,Nombre de labellisations (atteinte de l'objectif fixé),nb-labellisations-france-services,24,Centre-Val de Loire,2020-03-31,24.0,labellisations
Déployer une offre France Services dans tous les territoires ,Nombre de labellisations (atteinte de l'objectif fixé),nb-labellisations-france-services,24,Centre-Val de Loire,2020-04-30,24.0,labellisations
Déployer une offre France Services dans tous les territoires ,Nombre de labellisations (atteinte de l'objectif fixé),nb-labellisations-france-services,24,Centre-Val de Loire,2020-05-31,24.0,labellisations
Déployer une offre France Services dans tous les territoires ,Nombre de labellisations (atteinte de l'objectif fixé),nb-labellisations-france-services,24,Centre-Val de Loire,2020-06-30,24.0,labellisations
Déployer une offre France Services dans tous les territoires ,Nombre de labellisations (atteinte de l'objectif fixé),nb-labellisations-france-services,24,Centre-Val de Loire,2020-07-31,24.0,labellisations
Déployer une offre France Services dans tous les territoires ,Nombre de labellisations (atteinte de l'objectif fixé),nb-labellisations-france-services,24,Centre-Val de Loire,2020-08-31,24.0,labellisations
Déployer une offre France Services dans tous les territoires ,Nombre de labellisations (atteinte de l'objectif fixé),nb-labellisations-france-services,24,Centre-Val de Loire,2020-09-30,44.0,labellisations
Déployer une offre France Services dans tous les territoires ,Nombre de labellisations (atteinte de l'objectif fixé),nb-labellisations-france-services,24,Centre-Val de Loire,2020-10-31,44.0,labellisations
Déployer une offre France Services dans tous les territoires ,Nombre de labellisations (atteinte de l'objectif fixé),nb-labellisations-france-services,24,Centre-Val de Loire,2020-11-30,44.0,labellisations
Déployer une offre France Services dans tous les territoires ,Nombre de labellisations (atteinte de l'objectif fixé),nb-labellisations-france-services,24,Centre-Val de Loire,2020-12-31,62.0,labellisations
Déployer une offre France Services dans tous les territoires ,Nombre de labellisations (atteinte de l'objectif fixé),nb-labellisations-france-services,24,Centre-Val de Loire,2021-01-31,62.0,labellisations
Déployer une offre France Services dans tous les territoires ,Nombre de labellisations (atteinte de l'objectif fixé),nb-labellisations-france-services,24,Centre-Val de Loire,2021-02-28,62.0,labellisations
Déployer une offre France Services dans tous les territoires ,Nombre de labellisations (atteinte de l'objectif fixé),nb-labellisations-france-services,24,Centre-Val de Loire,2021-03-31,77.0,labellisations
Déployer une offre France Services dans tous les territoires ,Nombre de labellisations (atteinte de l'objectif fixé),nb-labellisations-france-services,24,Centre-Val de Loire,2021-04-30,77.0,labellisations
Déployer une offre France Services dans tous les territoires ,Nombre de labellisations (atteinte de l'objectif fixé),nb-labellisations-france-services,24,Centre-Val de Loire,2021-05-31,77.0,labellisations
Déployer une offre France Services dans tous les territoires ,Nombre de labellisations (atteinte de l'objectif fixé),nb-labellisations-france-services,24,Centre-Val de Loire,2021-06-30,77.0,labellisations
Déployer une offre France Services dans tous les territoires ,Nombre de labellisations (atteinte de l'objectif fixé),nb-labellisations-france-services,24,Centre-Val de Loire,2021-07-31,88.0,labellisations
Déployer une offre France Services dans tous les territoires ,Nombre de labellisations (atteinte de l'objectif fixé),nb-labellisations-france-services,24,Centre-Val de Loire,2021-08-31,88.0,labellisations
Déployer une offre France Services dans tous les territoires ,Nombre de labellisations (atteinte de l'objectif fixé),nb-labellisations-france-services,24,Centre-Val de Loire,2021-09-30,88.0,labellisations
Déployer une offre France Services dans tous les territoires ,Nombre de labellisations (atteinte de l'objectif fixé),nb-labellisations-france-services,24,Centre-Val de Loire,2021-10-31,98.0,labellisations
Déployer une offre France Services dans tous les territoires ,Nombre de labellisations (atteinte de l'objectif fixé),nb-labellisations-france-services,24,Centre-Val de Loire,2021-11-30,98.0,labellisations
Déployer une offre France Services dans tous les territoires ,Nombre de labellisations (atteinte de l'objectif fixé),nb-labellisations-france-services,24,Centre-Val de Loire,2021-12-31,98.0,labellisations
Déployer une offre France Services dans tous les territoires ,Nombre de labellisations (atteinte de l'objectif fixé),nb-labellisations-france-services,24,Centre-Val de Loire,2022-01-31,117.0,labellisations
Déployer une offre France Services dans tous les territoires ,Nombre de labellisations (atteinte de l'objectif fixé),nb-labellisations-france-services,24,Centre-Val de Loire,2022-02-28,117.0,labellisations
Déployer une offre France Services dans tous les territoires ,Nombre de labellisations (atteinte de l'objectif fixé),nb-labellisations-france-services,24,Centre-Val de Loire,2022-03-31,117.0,labellisations
Assurer une bonne couverture en internet fixe et en téléphonie mobile pour tous les Français d'ici 2022,Taux de déploiement de la fibre,taux-deploiement-fibre,24,Centre-Val de Loire,2017-12-31,19.0,% de déploiement
Assurer une bonne couverture en internet fixe et en téléphonie mobile pour tous les Français d'ici 2022,Taux de déploiement de la fibre,taux-deploiement-fibre,24,Centre-Val de Loire,2018-03-31,21.0,% de déploiement
Assurer une bonne couverture en internet fixe et en téléphonie mobile pour tous les Français d'ici 2022,Taux de déploiement de la fibre,taux-deploiement-fibre,24,Centre-Val de Loire,2018-06-30,22.0,% de déploiement
Assurer une bonne couverture en internet fixe et en téléphonie mobile pour tous les Français d'ici 2022,Taux de déploiement de la fibre,taux-deploiement-fibre,24,Centre-Val de Loire,2018-09-30,24.0,% de déploiement
Assurer une bonne couverture en internet fixe et en téléphonie mobile pour tous les Français d'ici 2022,Taux de déploiement de la fibre,taux-deploiement-fibre,24,Centre-Val de Loire,2018-12-31,27.0,% de déploiement
Assurer une bonne couverture en internet fixe et en téléphonie mobile pour tous les Français d'ici 2022,Taux de déploiement de la fibre,taux-deploiement-fibre,24,Centre-Val de Loire,2019-03-31,30.0,% de déploiement
Assurer une bonne couverture en internet fixe et en téléphonie mobile pour tous les Français d'ici 2022,Taux de déploiement de la fibre,taux-deploiement-fibre,24,Centre-Val de Loire,2019-06-30,33.0,% de déploiement
Assurer une bonne couverture en internet fixe et en téléphonie mobile pour tous les Français d'ici 2022,Taux de déploiement de la fibre,taux-deploiement-fibre,24,Centre-Val de Loire,2019-09-30,37.0,% de déploiement
Assurer une bonne couverture en internet fixe et en téléphonie mobile pour tous les Français d'ici 2022,Taux de déploiement de la fibre,taux-deploiement-fibre,24,Centre-Val de Loire,2019-12-31,39.0,% de déploiement
Assurer une bonne couverture en internet fixe et en téléphonie mobile pour tous les Français d'ici 2022,Taux de déploiement de la fibre,taux-deploiement-fibre,24,Centre-Val de Loire,2020-03-31,43.0,% de déploiement
Assurer une bonne couverture en internet fixe et en téléphonie mobile pour tous les Français d'ici 2022,Taux de déploiement de la fibre,taux-deploiement-fibre,24,Centre-Val de Loire,2020-06-30,45.0,% de déploiement
Assurer une bonne couverture en internet fixe et en téléphonie mobile pour tous les Français d'ici 2022,Taux de déploiement de la fibre,taux-deploiement-fibre,24,Centre-Val de Loire,2020-09-30,48.0,% de déploiement
Assurer une bonne couverture en internet fixe et en téléphonie mobile pour tous les Français d'ici 2022,Taux de déploiement de la fibre,taux-deploiement-fibre,24,Centre-Val de Loire,2020-12-31,53.0,% de déploiement
Assurer une bonne couverture en internet fixe et en téléphonie mobile pour tous les Français d'ici 2022,Taux de déploiement de la fibre,taux-deploiement-fibre,24,Centre-Val de Loire,2021-03-31,57.0,% de déploiement
Assurer une bonne couverture en internet fixe et en téléphonie mobile pour tous les Français d'ici 2022,Taux de déploiement de la fibre,taux-deploiement-fibre,24,Centre-Val de Loire,2021-06-30,59.0,% de déploiement
Assurer une bonne couverture en internet fixe et en téléphonie mobile pour tous les Français d'ici 2022,Taux de déploiement de la fibre,taux-deploiement-fibre,24,Centre-Val de Loire,2021-09-30,62.0,% de déploiement
