mesure,indicateur,id_indicateur,code_departement,libelle_departement,valeur_actuelle,date_valeur_actuelle,valeur_initiale,date_valeur_initiale,progression,pourcentage_progression,cible,pourcentage_cible,date_cible,unite
Déployer le plan vélo,Kilomètres d'aménagements cyclables sécurisés,km-amenagement-cyclables-securises,93,Seine-Saint-Denis,361.0,2020-09-30,289.0,2017-12-31,72.0,25.0,399.0,65.0,2022-03-31,kilomètres
Mettre en œuvre la sortie du plastique à usage unique et lutter contre le gaspillage,Nombre de Français qui peuvent mettre tous les emballages dans le bac jaune,nb-francais-emballages-bac-jaune,93,Seine-Saint-Denis,1590000.0,2020-06-30,920000.0,2017-06-30,670000.0,73.0,1590000.0,100.0,2022-12-31,habitants
Verdir le parc automobile,Nombre de primes à la conversion et de bonus écologiques,nb-primes-conversion,93,Seine-Saint-Denis,8860.0,2020-09-30,0.0,2018-03-31,8860.0,,,,,primes et bonus
Instaurer des zones à faibles émissions,Nombre d'habitants vivant à l'intérieur d'une zone à faibles émissions,nb-habitants-zfe,93,Seine-Saint-Denis,379362.0,2020-12-31,,,,,,,,habitants
Développer l’apprentissage,Nombre de contrats d’apprentissage,nombre-contrats-apprentissage,93,Seine-Saint-Denis,7319.0,2019-12-31,5339.0,2017-12-31,1980.0,37.0,,,,contrats
Supprimer la taxe d’habitation sur les résidences principales,Nombre de bénéficiaires totalement exonérés,nb-beneficiaires-suppression-taxe-habitation,93,Seine-Saint-Denis,488809.0,2020-12-31,0.0,2017-01-01,488809.0,,624113.0,78.0,2023-12-31,bénéficiaires
Doubler le nombre de maisons de santé,Nombre de maisons de santé pluri-professionnelles,nb-maisons-sante,93,Seine-Saint-Denis,11.0,2020-06-30,4.0,2017-06-30,7.0,175.0,,,,maisons de santé
Allonger le congé paternité pour un meilleur développement de l’enfant,Nombre de pères / conjoints prenant un congé de paternité et d’accueil de l’enfant,nb-peres-conge-paternite,93,Seine-Saint-Denis,9185.0,2019-12-31,,,,,,,,pères dans l'année
Simplifier l’accès aux droits des personnes handicapées,Durée moyenne de traitement pour les demandes d’allocation adulte handicapé,duree-moyenne-traitement-demandes-allocation-adulte-handicape,93,Seine-Saint-Denis,6.4,2020-09-30,,,,,3.0,,2022-12-31,mois de traitement
"Proposer une offre de lunettes, appareils auditifs et prothèses dentaires remboursée à 100%",Part des équipements/soins auditives 100% santé dans le total des soins,tx-equipements-audio,93,Seine-Saint-Denis,31.12,2020-10-31,24.94,2019-03-31,6.0,25.0,,,,%
"Proposer une offre de lunettes, appareils auditifs et prothèses dentaires remboursée à 100%",Part des équipements/soins 100% santé dans le total des soins dentaires,tx-equipements-dentaire,93,Seine-Saint-Denis,46.4,2020-09-30,17.8,2019-04-30,29.0,161.0,,,,%
"Proposer une offre de lunettes, appareils auditifs et prothèses dentaires remboursée à 100%",Part des équipements/soins 100% santé dans le total des soins optiques,tx-equipements-optique,93,Seine-Saint-Denis,22.93,2020-10-31,26.21,2020-01-31,-3.0,-13.0,,,,%
"Dédoubler les classes en REP (grande section, CP, CE1)",Part des classes de CP et CE1 en REP dédoublées,tx-classes-cp-ce1-rep,93,Seine-Saint-Denis,100.0,2020-10-31,90.0,2019-10-31,10.0,11.0,,,,% des classes
"Dédoubler les classes en REP (grande section, CP, CE1)",Part des classes de grande section en REP dédoublées,tx-gs-rep,93,Seine-Saint-Denis,5.0,2020-11-30,3.0,2019-11-30,2.0,67.0,69.0,3.0,2022-11-30,% des classes
"Limiter les classes à 24 en grande section, CP, CE1","Part des classes de GS, CP ou CE1 ayant un effectif inférieur ou égal à 24 élèves",tx-classes-cp-ce1,93,Seine-Saint-Denis,85.0,2020-09-30,80.0,2019-09-30,5.0,6.0,100.0,25.0,2022-09-30,% des classes
Offrir une scolarisation inclusive à tous les enfants handicapés,"Nombre d’unités locales d’inclusion scolaires (ULIS) pour les élèves en situation de handicap à l’école maternelle, à l’école élémentaire, au collège et au lycée",nombre-creation-ulis,93,Seine-Saint-Denis,210.0,2020-09-30,186.0,2017-09-30,24.0,13.0,221.0,69.0,2022-09-30,unités
Offrir une scolarisation inclusive à tous les enfants handicapés,Nombre de classes adaptées à la scolarisation des enfants autistes (UEMA/UEEA) à l’école maternelle et à l’école élémentaire,nombre-creation-ueea,93,Seine-Saint-Denis,6.0,2020-09-30,2.0,2017-09-30,4.0,200.0,8.0,67.0,2022-09-30,classes
Déployer Parcoursup ,Taux de réussite aux examens de licence 1,tx-reussite-examens,93,Seine-Saint-Denis,40.0,2019-10-31,38.0,2017-10-31,2.0,5.0,,,,% de réussite
Renforcer la sécurité du quotidien,Nombre d’heures de patrouille de voie publique,nb-heures-patrouille,93,Seine-Saint-Denis,1339264.0,2020-10-31,,,,,,,,heures de patrouille dans l'année
Lutter contre les stupéfiants,Nombre d'amendes forfaitaires délictuelles dressées,nb-amendes-delictuelles-dressees,93,Seine-Saint-Denis,1544.0,2020-10-31,,,,,,,,amendes dressées dans l'année
Lutter contre les atteintes aux principes républicains,Nombre de contrôles réalisés par les plans de lutte contre la radicalisation dans les quartiers (PLR-Q) et les cellules départementales de lutte contre l'islamisme et le repli communautaire (CLIR),nb-controles-clir,93,Seine-Saint-Denis,278.0,2019-12-31,400.0,2018-12-31,-122.0,-30.0,,,,contrôles dans l'année
Réduire la mortalité sur les routes,Nombre de morts sur les routes,nb-morts-routes,93,Seine-Saint-Denis,30.0,2019-12-31,23.0,2017-12-31,7.0,30.0,,,,morts dans l'année
Déployer le Pass culture,Nombre d’utilisateurs du Pass culture,nb-utilisateurs-pass-culture,93,Seine-Saint-Denis,15159.0,2020-10-31,0.0,2017-01-01,15159.0,,,,,utilisateurs
Assurer une bonne couverture en internet fixe et en téléphonie mobile pour tous les Français d'ici 2022,Taux de déploiement de la fibre,taux-deploiement-fibre,93,Seine-Saint-Denis,79.0,2020-06-30,48.0,2017-12-31,31.0,65.0,,,,% de déploiement
Déployer une offre France Services dans tous les territoires ,Nombre de labellisations (atteinte de l'objectif fixé),nb-labellisations-france-services,93,Seine-Saint-Denis,3.0,2020-11-30,0.0,2017-01-01,3.0,,24.0,12.0,2022-12-31,labellisations
Améliorer la qualité du service rendu à l’usager,Part des lieux d’accueil du public qui publient leurs résultats,tx-transparence-resultats,93,Seine-Saint-Denis,56.0,2019-12-31,12.0,2017-12-31,44.0,367.0,,,,% de réseaux
Offrir un logement aux sans-abri : Logement d’abord,Nombre de personnes sans-abri ou en hébergement ayant obtenu un logement social,logement-sans-domicile-hebergement-urgence,93,Seine-Saint-Denis,2515.0,2019-12-31,2288.0,2017-12-31,227.0,10.0,,,,personnes dans l'année
