mesure,indicateur,id_indicateur,code_departement,libelle_departement,valeur_actuelle,date_valeur_actuelle,valeur_initiale,date_valeur_initiale,progression,pourcentage_progression,progression_derniere_maj,pourcentage_progression_derniere_maj,progression_derniere_maj_date,cible,pourcentage_cible,date_cible,unite
"Dédoubler les classes en éducation prioritaire (grande section, CP, CE1) ",Part des classes de CP et CE1 en éducation prioritaire dédoublées,tx-classes-cp-ce1-rep,63,Puy-de-Dôme,100.0,2022-09-30,98.0,2019-10-31,2.0,2.0,100.0,0.0,2020-10-31,100.0,100.0,2021-10-31,% des classes
"Dédoubler les classes en éducation prioritaire (grande section, CP, CE1) ",Part des classes de grande section en éducation prioritaire dédoublées,tx-gs-rep,63,Puy-de-Dôme,72.0,2022-09-30,9.0,2019-11-30,63.0,700.0,21.0,243.0,2020-11-30,66.0,100.0,2022-11-30,% des classes
"Limiter les classes à 24 en grande section, CP, CE1","Part des classes de GS, CP ou CE1 ayant un effectif inférieur ou égal à 24 élèves",tx-classes-cp-ce1,63,Puy-de-Dôme,80.0,2022-09-30,69.0,2019-09-30,11.0,16.0,75.0,7.0,2020-09-30,100.0,35.0,2022-09-30,% des classes
Devoirs faits au collège,Part de collégiens bénéficiant du dispositif (en %),taux-collegiens-beneficiaires,63,Puy-de-Dôme,30.0,2022-09-30,26.0,2018-03-31,4.0,15.0,,,,35.0,44.0,2022-12-31,% de collégiens
Offrir une scolarisation inclusive à tous les enfants handicapés,"Nombre d’unités locales d’inclusion scolaires (ULIS) pour les élèves en situation de handicap à l’école maternelle, à l’école élémentaire, au collège et au lycée",nombre-creation-ulis,63,Puy-de-Dôme,118.0,2022-09-30,101.0,2017-09-30,17.0,17.0,114.0,4.0,2020-09-30,118.0,100.0,2022-09-30,unités
Offrir une scolarisation inclusive à tous les enfants handicapés,Nombre de classes adaptées à la scolarisation des enfants autistes (UEMA/UEEA) à l’école maternelle et à l’école élémentaire,nombre-creation-ueea,63,Puy-de-Dôme,4.0,2022-09-30,1.0,2017-09-30,3.0,300.0,3.0,33.0,2020-09-30,3.0,100.0,2022-09-30,classes
Déployer Parcoursup ,Taux de réussite aux examens de licence 1,tx-reussite-examens,63,Puy-de-Dôme,56.7,2021-10-31,48.1,2017-10-31,9.0,18.0,53.1,7.0,2019-10-31,47.0,100.0,2022-10-31,% de réussite
Promouvoir l'engagement chez les jeunes,Nombre de volontaires ayant réalisé au moins un jour de mission de service civique dans l'année,nb-jeunes-engages,63,Puy-de-Dôme,1369.0,2021-12-31,1041.0,2017-12-31,328.0,32.0,1376.0,-1.0,2020-12-31,,,,jeunes
Aide de France Relance aux entreprises,Nombre d’entreprises industrielles (dont PME) bénéficiaires des aides à l'investissement de France Relance,nb-entreprises-industrielles-agricoles,63,Puy-de-Dôme,126.0,2022-12-31,0.0,2020-10-31,126.0,,,,,,,,entreprises industrielles
Numérisation des petites et moyennes entreprises,Nombre d'entreprises ayant bénéficié d'un chèque numérique de 500€,nb-entreprises-cheaque-numerique,63,Puy-de-Dôme,1136.0,2022-11-30,0.0,2020-09-30,1136.0,,255.0,345.0,2021-04-30,920.0,100.0,2022-12-31,entreprises
Numérisation des petites et moyennes entreprises,Nombre d'entreprises ayant disposé d'un diagnostic numérique et d'un plan d'action individualisé,nb-diagnostics-individualises,63,Puy-de-Dôme,393.0,2022-11-30,0.0,2020-09-30,393.0,,108.0,264.0,2021-04-30,273.0,100.0,2022-12-31,entreprises
Développer l’apprentissage,Nombre de contrats d’apprentissage,nombre-contrats-apprentissage,63,Puy-de-Dôme,7598.0,2022-10-31,2799.0,2017-12-31,4799.0,171.0,4849.0,57.0,2020-12-31,4782.0,100.0,2022-12-31,contrats
Plan 1 jeune 1 solution,Nombre de recrutements de jeunes,nombre-recrutements-jeunes,63,Puy-de-Dôme,23030.0,2022-07-31,17993.0,2019-07-31,5037.0,28.0,12211.0,89.0,2021-02-28,,,,Recrutements depuis le mois d'août précédent
Pacte d'ambition pour l'insertion par l'activité économique,Nombre de bénéficiaires en structures d'insertion par l'activité économique,nb-beneficiaires-siae,63,Puy-de-Dôme,1568.0,2022-09-30,1003.0,2017-01-31,565.0,56.0,1356.0,16.0,2021-02-28,2372.0,41.0,2022-12-31,bénéficiaires *
Supprimer la taxe d’habitation sur les résidences principales,Nombre de bénéficiaires totalement exonérés,nb-beneficiaires-suppression-taxe-habitation,63,Puy-de-Dôme,248777.0,2022-12-31,0.0,2017-12-31,248777.0,,,,,315996.0,79.0,2023-12-31,bénéficiaires
Déployer le plan vélo,Kilomètres d'aménagements cyclables sécurisés,km-amenagement-cyclables-securises,63,Puy-de-Dôme,226.0,2022-12-31,150.0,2017-12-31,76.0,51.0,187.0,21.0,2020-09-30,208.0,100.0,2022-03-31,kilomètres
Verdir le parc automobile,Nombre de primes à la conversion et de bonus écologiques,nb-primes-conversion,63,Puy-de-Dôme,18732.0,2022-12-31,0.0,2018-01-31,18732.0,,10313.0,82.0,2020-09-30,14898.0,100.0,2022-06-30,primes et bonus
Verdir le parc automobile,Nombre de bornes de recharge pour véhicules électriques déployées,nb-points-recharge,63,Puy-de-Dôme,769.0,2022-12-31,62.0,2019-09-30,707.0,1140.0,,,,993.0,76.0,2022-03-31,bornes de recharge
Mettre en œuvre la sortie du plastique à usage unique et lutter contre le gaspillage,Nombre de Français qui peuvent mettre tous les emballages dans le bac jaune,nb-francais-emballages-bac-jaune,63,Puy-de-Dôme,650000.0,2022-12-31,0.0,2017-06-30,650000.0,,,,,650000.0,100.0,2022-12-31,habitants
Réduire l'utilisation des produits phytosanitaires et accélérer la transition écologique,Surface agricole cultivée en agriculture biologique,surface-agriculture-biologique,63,Puy-de-Dôme,7.2,2021-12-31,5.3,2017-12-31,2.0,36.0,6.1,18.0,2019-12-31,15.0,20.0,2022-12-31,% de surface agricole
Réduire l'utilisation des produits phytosanitaires et accélérer la transition écologique,Nombre d’agriculteurs engagés dans une démarche certifiée de transition agro-écologique,nb-agriculteurs-agro-eco,63,Puy-de-Dôme,615.0,2021-12-31,417.0,2017-12-31,198.0,47.0,,,,779.0,55.0,2022-12-31,agriculteurs
Sécuriser le paiement des aides PAC,Taux de bénéficiaires payés dans les délais prévus,taux-paiement-dpb,63,Puy-de-Dôme,99.55,2022-12-31,0.0,2017-12-31,100.0,,,,,99.0,100.0,2022-12-31,%
Renforcer la sécurité du quotidien,Nombre d’heures de patrouille de voie publique,nb-heures-patrouille,63,Puy-de-Dôme,747606.0,2022-10-31,670129.0,2017-12-31,77477.0,12.0,,,,,,,heures de patrouille sur douze mois *
Renforcer la sécurité du quotidien,Atteintes aux personnes dans les transports en commun,nb-atteintes-personnes,63,Puy-de-Dôme,115.0,2021-12-31,107.0,2017-12-31,8.0,7.0,,,,,,,atteintes aux personnes dans l'année
Renforcer la sécurité du quotidien,Atteintes aux biens dans les transports en commun,nb-atteintes-biens,63,Puy-de-Dôme,451.0,2021-12-31,359.0,2017-12-31,92.0,26.0,,,,,,,atteintes aux biens dans l'année
Lutter contre les stupéfiants,Nombre d'amendes forfaitaires délictuelles dressées,nb-amendes-delictuelles-dressees,63,Puy-de-Dôme,612.0,2022-12-31,0.0,2020-05-31,612.0,,89.0,588.0,2021-03-31,,,,amendes dressées
Lutter contre les violences faites aux femmes,Nombre d’ordonnances de protection délivrées,nb-ordonnances-delivrees,63,Puy-de-Dôme,123.0,2021-12-31,15.0,2017-12-31,108.0,720.0,,,,,,,ordonnances dans l'année
Lutter contre les atteintes aux principes républicains,Nombre de contrôles réalisés dans le cadre des CLIR ou des dispositifs existant localement avant la mise en place progressive des CLIR,nb-controles-clir,63,Puy-de-Dôme,0.0,2022-12-31,,,,,,,,,,,contrôles
Réduire la mortalité sur les routes,Nombre de morts sur les routes,nb-morts-routes,63,Puy-de-Dôme,23.0,2022-09-30,37.0,2017-12-31,-14.0,-38.0,45.0,-49.0,2019-12-31,,,,morts dans l'année
Lutter contre la récidive par une meilleure insertion professionnelle des personnes placées sous main de justice,Taux de personnes détenues ayant bénéficié d'une formation dans l'année,tx-detenus-formation,63,Puy-de-Dôme,8.0,2022-09-30,7.0,2021-06-30,1.0,14.0,,,,,,,% de détenus
Lutter contre la récidive par une meilleure insertion professionnelle des personnes placées sous main de justice,Postes de travail d’intérêt général proposés sur l’ensemble du territoire national en tant que peine,nb-postes-tig,63,Puy-de-Dôme,493.0,2022-12-31,341.0,2021-03-31,152.0,45.0,,,,,,,postes
Lutter contre les impayés de pensions alimentaires,Nombre de familles bénéficiaires d'une pension alimentaire versée par l'intermédiaire du service public des pensions alimentaires,nb-familles-aripa,63,Puy-de-Dôme,771.0,2022-10-31,0.0,2020-09-30,771.0,,52.0,1383.0,2021-03-31,2195.0,35.0,2022-12-31,familles
"Proposer une offre de lunettes, appareils auditifs et prothèses dentaires remboursée à 100%",Part des équipements vendus sans reste à charge dans le total des soins audio,tx-equipements-audio,63,Puy-de-Dôme,34.18,2022-06-30,0.0,2018-12-31,34.0,,9.74,251.0,2020-09-30,40.0,85.0,2022-12-31,%
"Proposer une offre de lunettes, appareils auditifs et prothèses dentaires remboursée à 100%",Part des équipements vendus sans reste à charge dans le total des soins dentaires,tx-equipements-dentaire,63,Puy-de-Dôme,63.46,2022-06-30,0.0,2019-03-31,63.0,,64.42,-1.0,2020-09-30,45.0,100.0,2022-12-31,%
"Proposer une offre de lunettes, appareils auditifs et prothèses dentaires remboursée à 100%",Part des équipements vendus sans reste à charge dans le total des soins optiques,tx-equipements-optique,63,Puy-de-Dôme,14.0,2022-06-30,0.0,2019-12-31,14.0,,12.2,15.0,2020-09-30,20.0,70.0,2022-12-31,%
Doubler le nombre de maisons de santé et de centres de santé dans les territoires,Nombre de maisons de santé pluri-professionnelles,nb-maisons-sante,63,Puy-de-Dôme,22.0,2022-12-31,11.0,2017-06-30,11.0,100.0,18.0,22.0,2020-06-30,21.0,100.0,2022-12-31,maisons de santé
Doubler le nombre de maisons de santé et de centres de santé dans les territoires,Nombre de centres de santé,nb-centres-sante,63,Puy-de-Dôme,4.0,2021-12-31,3.0,2017-12-31,1.0,33.0,,,,6.0,33.0,2022-12-31,centres de santé
Allonger le congé paternité pour un meilleur développement de l’enfant,Nombre de pères / conjoints prenant un congé de paternité,nb-peres-conge-paternite,63,Puy-de-Dôme,3304.0,2021-12-31,3097.0,2018-12-31,207.0,7.0,2175.0,52.0,2020-09-30,3452.0,58.0,2022-12-31,pères / conjoints dans l'année
Simplifier l’accès aux droits des personnes handicapées,Durée moyenne de traitement pour les demandes d’allocation adulte handicapé,duree-moyenne-traitement-demandes-allocation-adulte-handicape,63,Puy-de-Dôme,5.72,2022-09-30,6.4,2017-12-31,-1.0,-11.0,4.6,24.0,2020-09-30,3.0,20.0,2022-12-31,mois de traitement
MaPrimeRénov',Nombre de dossiers MaPrimeRénov' validés,nb-maprimerenov-valides,63,Puy-de-Dôme,18876.0,2022-10-31,0.0,2019-12-31,18876.0,,3076.0,514.0,2021-03-31,17507.0,100.0,2022-12-31,dossiers validés
Faciliter l’accès au logement des personnes sans-abri,Nombre de personnes sans-abri ou en hébergement ayant obtenu un logement social,logement-sans-domicile-hebergement-urgence,63,Puy-de-Dôme,383.0,2022-11-30,189.0,2017-12-31,194.0,103.0,334.0,15.0,2019-12-31,482.0,66.0,2022-12-31,personnes dans l'année*
Améliorer la qualité du service rendu à l’usager,Part des lieux d’accueil du public qui publient leurs résultats (national et local),tx-transparence-resultats,63,Puy-de-Dôme,78.0,2022-12-31,6.0,2017-12-31,72.0,1200.0,,,,100.0,77.0,2022-12-31,% de réseaux
Assurer une bonne couverture en internet fixe et en téléphonie mobile pour tous les Français d'ici 2022,Taux de déploiement de la fibre,taux-deploiement-fibre,63,Puy-de-Dôme,76.0,2022-09-30,22.0,2017-12-31,54.0,245.0,48.0,58.0,2020-09-30,,,,% de déploiement
Déployer une offre France services dans tous les territoires ,Nombre de labellisations (atteinte de l'objectif fixé),nb-labellisations-france-services,63,Puy-de-Dôme,35.0,2022-12-31,7.0,2020-01-31,28.0,400.0,10.0,250.0,2020-09-30,36.0,97.0,2022-12-31,labellisations
Déployer le pass Culture,Nombre d’utilisateurs du pass Culture de 18 ans,nb-utilisateurs-pass-culture,63,Puy-de-Dôme,13990.0,2022-12-31,0.0,2019-01-31,13990.0,,,,,16584.0,84.0,2022-12-31,utilisateurs
Accompagner les aidants,Nombre de bénéficiaires d'un congé de proche aidant indemnisé,nb-beneficiaires-ajpa,63,Puy-de-Dôme,103.0,2022-12-31,0.0,2020-09-30,103.0,,,,,440.0,23.0,2022-12-31,bénéficiaires
Redynamiser les cœurs de ville,Nombre de logements rénovés dans les petites villes (- de 20 000 habitants),nb-logements-renoves-petites-villes,63,Puy-de-Dôme,298.0,2022-06-30,0.0,2020-09-30,298.0,,,,,,,,logements rénovés
Redynamiser les cœurs de ville,Nombre de logements ayant bénéficié d'un accompagnement (réhabilitation ou subvention),nb-logement-accompagnement,63,Puy-de-Dôme,948.0,2022-09-30,0.0,2019-12-31,948.0,,485.0,95.0,2021-03-31,,,,logements
Redynamiser les cœurs de ville,Nombre de logements rénovés dans les villes moyennes (+ de 20 000 habitants),nb-logement-accompagnement,63,Puy-de-Dôme,948.0,2022-09-30,0.0,2019-12-31,948.0,,485.0,95.0,2021-03-31,,,,logements rénovés
Apprendre à nager et à circuler à vélo en toute sécurité,Nombre d'enfants ayant suivi un cycle d’Aisance Aquatique,nb-cycle-aisance-aquatique,63,Puy-de-Dôme,1336.0,2022-12-31,0.0,2019-03-31,1336.0,,128.0,944.0,2020-12-31,773.0,100.0,2022-12-31,enfants
Apprendre à nager et à circuler à vélo en toute sécurité,Nombre d’attestations « savoir rouler à vélo » délivrées,nb-attestations-savoir-rouler-velo,63,Puy-de-Dôme,1298.0,2022-12-31,0.0,2019-03-31,1298.0,,290.0,348.0,2021-06-30,1731.0,75.0,2022-12-31,attestations
Simplifier l’accès à l’aide juridictionnelle,Nombre de demandes d'aide juridictionnelle formulées par voie dématérialisée,nb-aide-juridictionnelle-dematerialisee,63,Puy-de-Dôme,12.5,2022-11-30,0.0,2021-01-31,12.0,,,,,15.0,83.0,2022-12-31,% des demandes *
Garantir l'égalité professionnelle entre les femmes et les hommes,Part des entreprises respectant leur obligation de publier l’index égalité professionnelle,tx-entreprise-egalite-pro,63,Puy-de-Dôme,89.0,2022-12-31,100.0,2019-03-31,-11.0,-11.0,,,,90.0,0.0,2022-12-31,%
