mesure,indicateur,id_indicateur,code_departement,libelle_departement,valeur_actuelle,date_valeur_actuelle,valeur_initiale,date_valeur_initiale,progression,pourcentage_progression,cible,pourcentage_cible,date_cible,unite
Déployer le plan vélo,Kilomètres d'aménagements cyclables sécurisés,km-amenagement-cyclables-securises,69,Rhône,896.0,2020-09-30,769.0,2017-12-31,127.0,17.0,1063.0,43.0,2022-03-31,kilomètres
Mettre en œuvre la sortie du plastique à usage unique et lutter contre le gaspillage,Nombre de Français qui peuvent mettre tous les emballages dans le bac jaune,nb-francais-emballages-bac-jaune,69,Rhône,1450000.0,2020-06-30,80000.0,2017-06-30,1370000.0,1712.0,1820000.0,79.0,2022-12-31,habitants
Verdir le parc automobile,Nombre de primes à la conversion et de bonus écologiques,nb-primes-conversion,69,Rhône,17968.0,2020-09-30,0.0,2018-03-31,17968.0,,,,,primes et bonus
Instaurer des zones à faibles émissions,Nombre d'habitants vivant à l'intérieur d'une zone à faibles émissions,nb-habitants-zfe,69,Rhône,799510.0,2020-12-31,,,,,,,,habitants
Développer l’apprentissage,Nombre de contrats d’apprentissage,nombre-contrats-apprentissage,69,Rhône,11639.0,2019-12-31,7950.0,2017-12-31,3689.0,46.0,,,,contrats
Supprimer la taxe d’habitation sur les résidences principales,Nombre de bénéficiaires totalement exonérés,nb-beneficiaires-suppression-taxe-habitation,69,Rhône,577805.0,2020-12-31,0.0,2017-01-01,577805.0,,833688.0,69.0,2023-12-31,bénéficiaires
Doubler le nombre de maisons de santé,Nombre de maisons de santé pluri-professionnelles,nb-maisons-sante,69,Rhône,24.0,2020-06-30,14.0,2017-06-30,10.0,71.0,,,,maisons de santé
Allonger le congé paternité pour un meilleur développement de l’enfant,Nombre de pères / conjoints prenant un congé de paternité et d’accueil de l’enfant,nb-peres-conge-paternite,69,Rhône,12509.0,2019-12-31,,,,,,,,pères dans l'année
"Proposer une offre de lunettes, appareils auditifs et prothèses dentaires remboursée à 100%",Part des équipements/soins auditives 100% santé dans le total des soins,tx-equipements-audio,69,Rhône,7.33,2020-10-31,13.74,2019-03-31,-6.0,-47.0,,,,%
"Proposer une offre de lunettes, appareils auditifs et prothèses dentaires remboursée à 100%",Part des équipements/soins 100% santé dans le total des soins dentaires,tx-equipements-dentaire,69,Rhône,39.5,2020-09-30,19.63,2019-04-30,20.0,101.0,,,,%
"Proposer une offre de lunettes, appareils auditifs et prothèses dentaires remboursée à 100%",Part des équipements/soins 100% santé dans le total des soins optiques,tx-equipements-optique,69,Rhône,9.68,2020-10-31,11.34,2020-01-31,-2.0,-15.0,,,,%
"Dédoubler les classes en REP (grande section, CP, CE1)",Part des classes de CP et CE1 en REP dédoublées,tx-classes-cp-ce1-rep,69,Rhône,100.0,2020-10-31,100.0,2019-10-31,0.0,0.0,,,,% des classes
"Dédoubler les classes en REP (grande section, CP, CE1)",Part des classes de grande section en REP dédoublées,tx-gs-rep,69,Rhône,0.0,2020-11-30,0.0,2019-11-30,0.0,,75.0,0.0,2022-11-30,% des classes
"Limiter les classes à 24 en grande section, CP, CE1","Part des classes de GS, CP ou CE1 ayant un effectif inférieur ou égal à 24 élèves",tx-classes-cp-ce1,69,Rhône,70.0,2020-09-30,66.0,2019-09-30,4.0,6.0,100.0,12.0,2022-09-30,% des classes
Offrir une scolarisation inclusive à tous les enfants handicapés,"Nombre d’unités locales d’inclusion scolaires (ULIS) pour les élèves en situation de handicap à l’école maternelle, à l’école élémentaire, au collège et au lycée",nombre-creation-ulis,69,Rhône,279.0,2020-09-30,256.0,2017-09-30,23.0,9.0,309.0,43.0,2022-09-30,unités
Offrir une scolarisation inclusive à tous les enfants handicapés,Nombre de classes adaptées à la scolarisation des enfants autistes (UEMA/UEEA) à l’école maternelle et à l’école élémentaire,nombre-creation-ueea,69,Rhône,4.0,2020-09-30,2.0,2017-09-30,2.0,100.0,8.0,33.0,2022-09-30,classes
Déployer Parcoursup ,Taux de réussite aux examens de licence 1,tx-reussite-examens,69,Rhône,48.0,2019-10-31,47.0,2017-10-31,1.0,2.0,,,,% de réussite
Renforcer la sécurité du quotidien,Nombre d’heures de patrouille de voie publique,nb-heures-patrouille,69,Rhône,810584.0,2020-10-31,,,,,,,,heures de patrouille dans l'année
Lutter contre les stupéfiants,Nombre d'amendes forfaitaires délictuelles dressées,nb-amendes-delictuelles-dressees,69,Rhône,546.0,2020-10-31,,,,,,,,amendes dressées dans l'année
Lutter contre les atteintes aux principes républicains,Nombre de contrôles réalisés par les plans de lutte contre la radicalisation dans les quartiers (PLR-Q) et les cellules départementales de lutte contre l'islamisme et le repli communautaire (CLIR),nb-controles-clir,69,Rhône,1031.0,2019-12-31,997.0,2018-12-31,34.0,3.0,,,,contrôles dans l'année
Réduire la mortalité sur les routes,Nombre de morts sur les routes,nb-morts-routes,69,Rhône,61.0,2019-12-31,59.0,2017-12-31,2.0,3.0,,,,morts dans l'année
Assurer une bonne couverture en internet fixe et en téléphonie mobile pour tous les Français d'ici 2022,Taux de déploiement de la fibre,taux-deploiement-fibre,69,Rhône,76.0,2020-06-30,59.0,2017-12-31,17.0,29.0,,,,% de déploiement
Déployer une offre France Services dans tous les territoires ,Nombre de labellisations (atteinte de l'objectif fixé),nb-labellisations-france-services,69,Rhône,17.0,2020-11-30,0.0,2017-01-01,17.0,,24.0,71.0,2022-12-31,labellisations
Améliorer la qualité du service rendu à l’usager,Part des lieux d’accueil du public qui publient leurs résultats,tx-transparence-resultats,69,Rhône,80.0,2019-12-31,10.0,2017-12-31,70.0,700.0,,,,% de réseaux
Offrir un logement aux sans-abri : Logement d’abord,Nombre de personnes sans-abri ou en hébergement ayant obtenu un logement social,logement-sans-domicile-hebergement-urgence,69,Rhône,1742.0,2019-12-31,1604.0,2017-12-31,138.0,9.0,,,,personnes dans l'année
