mesure,indicateur,id_indicateur,code_departement,libelle_departement,valeur_actuelle,date_valeur_actuelle,valeur_initiale,date_valeur_initiale,progression,pourcentage_progression,cible,pourcentage_cible,date_cible,unite
Déployer le plan vélo,Kilomètres d'aménagements cyclables sécurisés,km-amenagement-cyclables-securises,68,Haut-Rhin,1011.0,2020-09-30,945.0,2017-12-31,66.0,7.0,1308.0,18.0,2022-03-31,kilomètres
Mettre en œuvre la sortie du plastique à usage unique et lutter contre le gaspillage,Nombre de Français qui peuvent mettre tous les emballages dans le bac jaune,nb-francais-emballages-bac-jaune,68,Haut-Rhin,410000.0,2020-06-30,410000.0,2017-06-30,0.0,0.0,760000.0,0.0,2022-12-31,habitants
Verdir le parc automobile,Nombre de primes à la conversion et de bonus écologiques,nb-primes-conversion,68,Haut-Rhin,8298.0,2020-09-30,0.0,2018-03-31,8298.0,,,,,primes et bonus
Développer l’apprentissage,Nombre de contrats d’apprentissage,nombre-contrats-apprentissage,68,Haut-Rhin,5229.0,2019-12-31,3389.0,2017-12-31,1840.0,54.0,,,,contrats
Supprimer la taxe d’habitation sur les résidences principales,Nombre de bénéficiaires totalement exonérés,nb-beneficiaires-suppression-taxe-habitation,68,Haut-Rhin,238173.0,2020-12-31,0.0,2017-01-01,238173.0,,331297.0,72.0,2023-12-31,bénéficiaires
Doubler le nombre de maisons de santé,Nombre de maisons de santé pluri-professionnelles,nb-maisons-sante,68,Haut-Rhin,5.0,2020-06-30,4.0,2017-06-30,1.0,25.0,,,,maisons de santé
Allonger le congé paternité pour un meilleur développement de l’enfant,Nombre de pères / conjoints prenant un congé de paternité et d’accueil de l’enfant,nb-peres-conge-paternite,68,Haut-Rhin,3101.0,2019-12-31,,,,,,,,pères dans l'année
Simplifier l’accès aux droits des personnes handicapées,Durée moyenne de traitement pour les demandes d’allocation adulte handicapé,duree-moyenne-traitement-demandes-allocation-adulte-handicape,68,Haut-Rhin,6.1,2020-09-30,4.0,2017-12-31,2.0,52.0,3.0,-210.0,2022-12-31,mois de traitement
"Proposer une offre de lunettes, appareils auditifs et prothèses dentaires remboursée à 100%",Part des équipements/soins auditives 100% santé dans le total des soins,tx-equipements-audio,68,Haut-Rhin,9.89,2020-10-31,12.01,2019-01-31,-2.0,-18.0,,,,%
"Proposer une offre de lunettes, appareils auditifs et prothèses dentaires remboursée à 100%",Part des équipements/soins 100% santé dans le total des soins dentaires,tx-equipements-dentaire,68,Haut-Rhin,43.44,2020-09-30,18.73,2019-04-30,25.0,132.0,,,,%
"Proposer une offre de lunettes, appareils auditifs et prothèses dentaires remboursée à 100%",Part des équipements/soins 100% santé dans le total des soins optiques,tx-equipements-optique,68,Haut-Rhin,6.93,2020-10-31,8.35,2020-01-31,-1.0,-17.0,,,,%
"Dédoubler les classes en REP (grande section, CP, CE1)",Part des classes de CP et CE1 en REP dédoublées,tx-classes-cp-ce1-rep,68,Haut-Rhin,100.0,2020-10-31,89.0,2019-10-31,11.0,12.0,,,,% des classes
"Dédoubler les classes en REP (grande section, CP, CE1)",Part des classes de grande section en REP dédoublées,tx-gs-rep,68,Haut-Rhin,1.0,2020-11-30,2.0,2019-11-30,-1.0,-50.0,89.0,-1.0,2022-11-30,% des classes
"Limiter les classes à 24 en grande section, CP, CE1","Part des classes de GS, CP ou CE1 ayant un effectif inférieur ou égal à 24 élèves",tx-classes-cp-ce1,68,Haut-Rhin,74.0,2020-09-30,70.0,2019-09-30,4.0,6.0,100.0,13.0,2022-09-30,% des classes
Offrir une scolarisation inclusive à tous les enfants handicapés,"Nombre d’unités locales d’inclusion scolaires (ULIS) pour les élèves en situation de handicap à l’école maternelle, à l’école élémentaire, au collège et au lycée",nombre-creation-ulis,68,Haut-Rhin,145.0,2020-09-30,118.0,2017-09-30,27.0,23.0,149.0,87.0,2022-09-30,unités
Offrir une scolarisation inclusive à tous les enfants handicapés,Nombre de classes adaptées à la scolarisation des enfants autistes (UEMA/UEEA) à l’école maternelle et à l’école élémentaire,nombre-creation-ueea,68,Haut-Rhin,3.0,2020-09-30,1.0,2017-09-30,2.0,200.0,5.0,50.0,2022-09-30,classes
Déployer Parcoursup ,Taux de réussite aux examens de licence 1,tx-reussite-examens,68,Haut-Rhin,46.0,2019-10-31,40.0,2017-10-31,6.0,15.0,,,,% de réussite
Renforcer la sécurité du quotidien,Nombre d’heures de patrouille de voie publique,nb-heures-patrouille,68,Haut-Rhin,468191.0,2020-10-31,,,,,,,,heures de patrouille dans l'année
Lutter contre les stupéfiants,Nombre d'amendes forfaitaires délictuelles dressées,nb-amendes-delictuelles-dressees,68,Haut-Rhin,41.0,2020-10-31,,,,,,,,amendes dressées dans l'année
Lutter contre les atteintes aux principes républicains,Nombre de contrôles réalisés par les plans de lutte contre la radicalisation dans les quartiers (PLR-Q) et les cellules départementales de lutte contre l'islamisme et le repli communautaire (CLIR),nb-controles-clir,68,Haut-Rhin,77.0,2019-12-31,86.0,2018-12-31,-9.0,-10.0,,,,contrôles dans l'année
Réduire la mortalité sur les routes,Nombre de morts sur les routes,nb-morts-routes,68,Haut-Rhin,25.0,2019-12-31,32.0,2017-12-31,-7.0,-22.0,,,,morts dans l'année
Assurer une bonne couverture en internet fixe et en téléphonie mobile pour tous les Français d'ici 2022,Taux de déploiement de la fibre,taux-deploiement-fibre,68,Haut-Rhin,60.0,2020-06-30,18.0,2017-12-31,42.0,233.0,,,,% de déploiement
Déployer une offre France Services dans tous les territoires ,Nombre de labellisations (atteinte de l'objectif fixé),nb-labellisations-france-services,68,Haut-Rhin,7.0,2020-11-30,0.0,2017-01-01,7.0,,17.0,41.0,2022-12-31,labellisations
Améliorer la qualité du service rendu à l’usager,Part des lieux d’accueil du public qui publient leurs résultats,tx-transparence-resultats,68,Haut-Rhin,69.0,2019-12-31,12.0,2017-12-31,57.0,475.0,100.0,65.0,2022-12-31,% de réseaux
Offrir un logement aux sans-abri : Logement d’abord,Nombre de personnes sans-abri ou en hébergement ayant obtenu un logement social,logement-sans-domicile-hebergement-urgence,68,Haut-Rhin,576.0,2019-12-31,385.0,2017-12-31,191.0,50.0,,,,personnes dans l'année
