mesure,indicateur,id_indicateur,code_departement,libelle_departement,date,valeur,unite
Déployer le Pass culture,Nombre d’utilisateurs du Pass culture,nb-utilisateurs-pass-culture,35,Ille-et-Vilaine,2019-02-28,2.0,utilisateurs
Déployer le Pass culture,Nombre d’utilisateurs du Pass culture,nb-utilisateurs-pass-culture,35,Ille-et-Vilaine,2019-03-31,2.0,utilisateurs
Déployer le Pass culture,Nombre d’utilisateurs du Pass culture,nb-utilisateurs-pass-culture,35,Ille-et-Vilaine,2019-04-30,2.0,utilisateurs
Déployer le Pass culture,Nombre d’utilisateurs du Pass culture,nb-utilisateurs-pass-culture,35,Ille-et-Vilaine,2019-05-31,2.0,utilisateurs
Déployer le Pass culture,Nombre d’utilisateurs du Pass culture,nb-utilisateurs-pass-culture,35,Ille-et-Vilaine,2019-06-30,2.0,utilisateurs
Déployer le Pass culture,Nombre d’utilisateurs du Pass culture,nb-utilisateurs-pass-culture,35,Ille-et-Vilaine,2019-07-31,1121.0,utilisateurs
Déployer le Pass culture,Nombre d’utilisateurs du Pass culture,nb-utilisateurs-pass-culture,35,Ille-et-Vilaine,2019-08-31,1564.0,utilisateurs
Déployer le Pass culture,Nombre d’utilisateurs du Pass culture,nb-utilisateurs-pass-culture,35,Ille-et-Vilaine,2019-09-30,2852.0,utilisateurs
Déployer le Pass culture,Nombre d’utilisateurs du Pass culture,nb-utilisateurs-pass-culture,35,Ille-et-Vilaine,2019-10-31,4617.0,utilisateurs
Déployer le Pass culture,Nombre d’utilisateurs du Pass culture,nb-utilisateurs-pass-culture,35,Ille-et-Vilaine,2019-11-30,6214.0,utilisateurs
Déployer le Pass culture,Nombre d’utilisateurs du Pass culture,nb-utilisateurs-pass-culture,35,Ille-et-Vilaine,2019-12-31,7561.0,utilisateurs
Déployer le Pass culture,Nombre d’utilisateurs du Pass culture,nb-utilisateurs-pass-culture,35,Ille-et-Vilaine,2020-01-31,8198.0,utilisateurs
Déployer le Pass culture,Nombre d’utilisateurs du Pass culture,nb-utilisateurs-pass-culture,35,Ille-et-Vilaine,2020-02-29,9670.0,utilisateurs
Déployer le Pass culture,Nombre d’utilisateurs du Pass culture,nb-utilisateurs-pass-culture,35,Ille-et-Vilaine,2020-03-31,10347.0,utilisateurs
Déployer le Pass culture,Nombre d’utilisateurs du Pass culture,nb-utilisateurs-pass-culture,35,Ille-et-Vilaine,2020-04-30,10882.0,utilisateurs
Déployer le Pass culture,Nombre d’utilisateurs du Pass culture,nb-utilisateurs-pass-culture,35,Ille-et-Vilaine,2020-05-31,11381.0,utilisateurs
Déployer le Pass culture,Nombre d’utilisateurs du Pass culture,nb-utilisateurs-pass-culture,35,Ille-et-Vilaine,2020-06-30,12192.0,utilisateurs
Déployer le Pass culture,Nombre d’utilisateurs du Pass culture,nb-utilisateurs-pass-culture,35,Ille-et-Vilaine,2020-07-31,13174.0,utilisateurs
Déployer le Pass culture,Nombre d’utilisateurs du Pass culture,nb-utilisateurs-pass-culture,35,Ille-et-Vilaine,2020-08-31,14144.0,utilisateurs
Déployer le Pass culture,Nombre d’utilisateurs du Pass culture,nb-utilisateurs-pass-culture,35,Ille-et-Vilaine,2020-09-30,15726.0,utilisateurs
Déployer le Pass culture,Nombre d’utilisateurs du Pass culture,nb-utilisateurs-pass-culture,35,Ille-et-Vilaine,2020-10-31,17193.0,utilisateurs
Déployer le Pass culture,Nombre d’utilisateurs du Pass culture,nb-utilisateurs-pass-culture,35,Ille-et-Vilaine,2020-11-30,17983.0,utilisateurs
Déployer le Pass culture,Nombre d’utilisateurs du Pass culture,nb-utilisateurs-pass-culture,35,Ille-et-Vilaine,2020-12-31,18980.0,utilisateurs
Déployer le Pass culture,Nombre d’utilisateurs du Pass culture,nb-utilisateurs-pass-culture,35,Ille-et-Vilaine,2021-01-31,20036.0,utilisateurs
Déployer le Pass culture,Nombre d’utilisateurs du Pass culture,nb-utilisateurs-pass-culture,35,Ille-et-Vilaine,2021-02-28,20797.0,utilisateurs
Déployer le Pass culture,Nombre d’utilisateurs du Pass culture,nb-utilisateurs-pass-culture,35,Ille-et-Vilaine,2021-03-31,21786.0,utilisateurs
Déployer le Pass culture,Nombre d’utilisateurs du Pass culture,nb-utilisateurs-pass-culture,35,Ille-et-Vilaine,2021-04-30,22609.0,utilisateurs
Déployer le Pass culture,Nombre d’utilisateurs du Pass culture,nb-utilisateurs-pass-culture,35,Ille-et-Vilaine,2021-05-31,24971.0,utilisateurs
Déployer le Pass culture,Nombre d’utilisateurs du Pass culture,nb-utilisateurs-pass-culture,35,Ille-et-Vilaine,2021-06-30,26091.0,utilisateurs
Apprendre à nager et à circuler à vélo en toute sécurité,Nombre d’attestations « savoir rouler à vélo » délivrées,nb-attestations-savoir-rouler-velo,35,Ille-et-Vilaine,2017-12-31,0.0,attestations
Apprendre à nager et à circuler à vélo en toute sécurité,Nombre d’attestations « savoir rouler à vélo » délivrées,nb-attestations-savoir-rouler-velo,35,Ille-et-Vilaine,2018-12-31,0.0,attestations
Apprendre à nager et à circuler à vélo en toute sécurité,Nombre d’attestations « savoir rouler à vélo » délivrées,nb-attestations-savoir-rouler-velo,35,Ille-et-Vilaine,2019-03-31,0.0,attestations
Apprendre à nager et à circuler à vélo en toute sécurité,Nombre d’attestations « savoir rouler à vélo » délivrées,nb-attestations-savoir-rouler-velo,35,Ille-et-Vilaine,2019-04-30,3.0,attestations
Apprendre à nager et à circuler à vélo en toute sécurité,Nombre d’attestations « savoir rouler à vélo » délivrées,nb-attestations-savoir-rouler-velo,35,Ille-et-Vilaine,2020-11-30,221.0,attestations
Apprendre à nager et à circuler à vélo en toute sécurité,Nombre d’attestations « savoir rouler à vélo » délivrées,nb-attestations-savoir-rouler-velo,35,Ille-et-Vilaine,2020-12-31,221.0,attestations
Apprendre à nager et à circuler à vélo en toute sécurité,Nombre d’attestations « savoir rouler à vélo » délivrées,nb-attestations-savoir-rouler-velo,35,Ille-et-Vilaine,2021-01-31,221.0,attestations
Apprendre à nager et à circuler à vélo en toute sécurité,Nombre d’attestations « savoir rouler à vélo » délivrées,nb-attestations-savoir-rouler-velo,35,Ille-et-Vilaine,2021-02-28,221.0,attestations
Apprendre à nager et à circuler à vélo en toute sécurité,Nombre d’attestations « savoir rouler à vélo » délivrées,nb-attestations-savoir-rouler-velo,35,Ille-et-Vilaine,2021-03-31,223.0,attestations
Apprendre à nager et à circuler à vélo en toute sécurité,Nombre d’attestations « savoir rouler à vélo » délivrées,nb-attestations-savoir-rouler-velo,35,Ille-et-Vilaine,2021-06-30,935.0,attestations
Apprendre à nager et à circuler à vélo en toute sécurité,Nombre d'enfants ayant suivi un cycle d’Aisance Aquatique,nb-cycle-aisance-aquatique,35,Ille-et-Vilaine,2020-12-31,0.0,enfants
