mesure,indicateur,id_indicateur,code_departement,libelle_departement,date,valeur,unite
Apprendre à nager et à circuler à vélo en toute sécurité,Nombre d’attestations « savoir rouler à vélo » délivrées,nb-attestations-savoir-rouler-velo,06,Alpes-Maritimes,2019-03-31,0.0,attestations
Apprendre à nager et à circuler à vélo en toute sécurité,Nombre d’attestations « savoir rouler à vélo » délivrées,nb-attestations-savoir-rouler-velo,06,Alpes-Maritimes,2019-04-30,0.0,attestations
Apprendre à nager et à circuler à vélo en toute sécurité,Nombre d’attestations « savoir rouler à vélo » délivrées,nb-attestations-savoir-rouler-velo,06,Alpes-Maritimes,2020-11-30,0.0,attestations
Apprendre à nager et à circuler à vélo en toute sécurité,Nombre d’attestations « savoir rouler à vélo » délivrées,nb-attestations-savoir-rouler-velo,06,Alpes-Maritimes,2020-12-31,0.0,attestations
Apprendre à nager et à circuler à vélo en toute sécurité,Nombre d’attestations « savoir rouler à vélo » délivrées,nb-attestations-savoir-rouler-velo,06,Alpes-Maritimes,2021-01-31,0.0,attestations
Apprendre à nager et à circuler à vélo en toute sécurité,Nombre d’attestations « savoir rouler à vélo » délivrées,nb-attestations-savoir-rouler-velo,06,Alpes-Maritimes,2021-02-28,0.0,attestations
Apprendre à nager et à circuler à vélo en toute sécurité,Nombre d’attestations « savoir rouler à vélo » délivrées,nb-attestations-savoir-rouler-velo,06,Alpes-Maritimes,2021-03-31,18.0,attestations
Apprendre à nager et à circuler à vélo en toute sécurité,Nombre d’attestations « savoir rouler à vélo » délivrées,nb-attestations-savoir-rouler-velo,06,Alpes-Maritimes,2021-06-30,487.0,attestations
Apprendre à nager et à circuler à vélo en toute sécurité,Nombre d’attestations « savoir rouler à vélo » délivrées,nb-attestations-savoir-rouler-velo,06,Alpes-Maritimes,2021-09-30,497.0,attestations
Apprendre à nager et à circuler à vélo en toute sécurité,Nombre d’attestations « savoir rouler à vélo » délivrées,nb-attestations-savoir-rouler-velo,06,Alpes-Maritimes,2021-12-31,497.0,attestations
Apprendre à nager et à circuler à vélo en toute sécurité,Nombre d'enfants ayant suivi un cycle d’Aisance Aquatique,nb-cycle-aisance-aquatique,06,Alpes-Maritimes,2020-12-31,98.0,enfants
Apprendre à nager et à circuler à vélo en toute sécurité,Nombre d'enfants ayant suivi un cycle d’Aisance Aquatique,nb-cycle-aisance-aquatique,06,Alpes-Maritimes,2021-10-31,203.0,enfants
Apprendre à nager et à circuler à vélo en toute sécurité,Nombre d'enfants ayant suivi un cycle d’Aisance Aquatique,nb-cycle-aisance-aquatique,06,Alpes-Maritimes,2021-12-31,364.0,enfants
Déployer le pass Culture,Nombre d’utilisateurs du pass Culture de 18 ans,nb-utilisateurs-pass-culture,06,Alpes-Maritimes,2019-02-28,0.0,utilisateurs
Déployer le pass Culture,Nombre d’utilisateurs du pass Culture de 18 ans,nb-utilisateurs-pass-culture,06,Alpes-Maritimes,2019-03-31,0.0,utilisateurs
Déployer le pass Culture,Nombre d’utilisateurs du pass Culture de 18 ans,nb-utilisateurs-pass-culture,06,Alpes-Maritimes,2019-04-30,0.0,utilisateurs
Déployer le pass Culture,Nombre d’utilisateurs du pass Culture de 18 ans,nb-utilisateurs-pass-culture,06,Alpes-Maritimes,2019-05-31,0.0,utilisateurs
Déployer le pass Culture,Nombre d’utilisateurs du pass Culture de 18 ans,nb-utilisateurs-pass-culture,06,Alpes-Maritimes,2019-06-30,0.0,utilisateurs
Déployer le pass Culture,Nombre d’utilisateurs du pass Culture de 18 ans,nb-utilisateurs-pass-culture,06,Alpes-Maritimes,2019-07-31,0.0,utilisateurs
Déployer le pass Culture,Nombre d’utilisateurs du pass Culture de 18 ans,nb-utilisateurs-pass-culture,06,Alpes-Maritimes,2019-08-31,0.0,utilisateurs
Déployer le pass Culture,Nombre d’utilisateurs du pass Culture de 18 ans,nb-utilisateurs-pass-culture,06,Alpes-Maritimes,2019-09-30,1.0,utilisateurs
Déployer le pass Culture,Nombre d’utilisateurs du pass Culture de 18 ans,nb-utilisateurs-pass-culture,06,Alpes-Maritimes,2019-10-31,1.0,utilisateurs
Déployer le pass Culture,Nombre d’utilisateurs du pass Culture de 18 ans,nb-utilisateurs-pass-culture,06,Alpes-Maritimes,2019-11-30,1.0,utilisateurs
Déployer le pass Culture,Nombre d’utilisateurs du pass Culture de 18 ans,nb-utilisateurs-pass-culture,06,Alpes-Maritimes,2019-12-31,1.0,utilisateurs
Déployer le pass Culture,Nombre d’utilisateurs du pass Culture de 18 ans,nb-utilisateurs-pass-culture,06,Alpes-Maritimes,2020-01-31,2.0,utilisateurs
Déployer le pass Culture,Nombre d’utilisateurs du pass Culture de 18 ans,nb-utilisateurs-pass-culture,06,Alpes-Maritimes,2020-02-29,2.0,utilisateurs
Déployer le pass Culture,Nombre d’utilisateurs du pass Culture de 18 ans,nb-utilisateurs-pass-culture,06,Alpes-Maritimes,2020-03-31,2.0,utilisateurs
Déployer le pass Culture,Nombre d’utilisateurs du pass Culture de 18 ans,nb-utilisateurs-pass-culture,06,Alpes-Maritimes,2020-04-30,3.0,utilisateurs
Déployer le pass Culture,Nombre d’utilisateurs du pass Culture de 18 ans,nb-utilisateurs-pass-culture,06,Alpes-Maritimes,2020-05-31,3.0,utilisateurs
Déployer le pass Culture,Nombre d’utilisateurs du pass Culture de 18 ans,nb-utilisateurs-pass-culture,06,Alpes-Maritimes,2020-06-30,4.0,utilisateurs
Déployer le pass Culture,Nombre d’utilisateurs du pass Culture de 18 ans,nb-utilisateurs-pass-culture,06,Alpes-Maritimes,2020-07-31,4.0,utilisateurs
Déployer le pass Culture,Nombre d’utilisateurs du pass Culture de 18 ans,nb-utilisateurs-pass-culture,06,Alpes-Maritimes,2020-08-31,4.0,utilisateurs
Déployer le pass Culture,Nombre d’utilisateurs du pass Culture de 18 ans,nb-utilisateurs-pass-culture,06,Alpes-Maritimes,2020-09-30,4.0,utilisateurs
Déployer le pass Culture,Nombre d’utilisateurs du pass Culture de 18 ans,nb-utilisateurs-pass-culture,06,Alpes-Maritimes,2020-10-31,4.0,utilisateurs
Déployer le pass Culture,Nombre d’utilisateurs du pass Culture de 18 ans,nb-utilisateurs-pass-culture,06,Alpes-Maritimes,2020-11-30,4.0,utilisateurs
Déployer le pass Culture,Nombre d’utilisateurs du pass Culture de 18 ans,nb-utilisateurs-pass-culture,06,Alpes-Maritimes,2020-12-31,4.0,utilisateurs
Déployer le pass Culture,Nombre d’utilisateurs du pass Culture de 18 ans,nb-utilisateurs-pass-culture,06,Alpes-Maritimes,2021-01-31,4.0,utilisateurs
Déployer le pass Culture,Nombre d’utilisateurs du pass Culture de 18 ans,nb-utilisateurs-pass-culture,06,Alpes-Maritimes,2021-02-28,4.0,utilisateurs
Déployer le pass Culture,Nombre d’utilisateurs du pass Culture de 18 ans,nb-utilisateurs-pass-culture,06,Alpes-Maritimes,2021-03-31,4.0,utilisateurs
Déployer le pass Culture,Nombre d’utilisateurs du pass Culture de 18 ans,nb-utilisateurs-pass-culture,06,Alpes-Maritimes,2021-04-30,4.0,utilisateurs
Déployer le pass Culture,Nombre d’utilisateurs du pass Culture de 18 ans,nb-utilisateurs-pass-culture,06,Alpes-Maritimes,2021-05-31,5931.0,utilisateurs
Déployer le pass Culture,Nombre d’utilisateurs du pass Culture de 18 ans,nb-utilisateurs-pass-culture,06,Alpes-Maritimes,2021-06-30,7676.0,utilisateurs
Déployer le pass Culture,Nombre d’utilisateurs du pass Culture de 18 ans,nb-utilisateurs-pass-culture,06,Alpes-Maritimes,2021-07-31,8454.0,utilisateurs
Déployer le pass Culture,Nombre d’utilisateurs du pass Culture de 18 ans,nb-utilisateurs-pass-culture,06,Alpes-Maritimes,2021-08-31,9099.0,utilisateurs
Déployer le pass Culture,Nombre d’utilisateurs du pass Culture de 18 ans,nb-utilisateurs-pass-culture,06,Alpes-Maritimes,2021-09-30,9768.0,utilisateurs
Déployer le pass Culture,Nombre d’utilisateurs du pass Culture de 18 ans,nb-utilisateurs-pass-culture,06,Alpes-Maritimes,2021-10-31,10173.0,utilisateurs
Déployer le pass Culture,Nombre d’utilisateurs du pass Culture de 18 ans,nb-utilisateurs-pass-culture,06,Alpes-Maritimes,2021-11-30,10784.0,utilisateurs
Déployer le pass Culture,Nombre d’utilisateurs du pass Culture de 18 ans,nb-utilisateurs-pass-culture,06,Alpes-Maritimes,2021-12-31,11499.0,utilisateurs
Déployer le pass Culture,Nombre d’utilisateurs du pass Culture de 18 ans,nb-utilisateurs-pass-culture,06,Alpes-Maritimes,2022-01-31,12259.0,utilisateurs
Déployer le pass Culture,Nombre d’utilisateurs du pass Culture de 18 ans,nb-utilisateurs-pass-culture,06,Alpes-Maritimes,2022-02-28,12934.0,utilisateurs
