mesure,indicateur,id_indicateur,code_departement,libelle_departement,date,valeur,unite
Apprendre à nager et à circuler à vélo en toute sécurité,Nombre d’attestations « savoir rouler à vélo » délivrées,nb-attestations-savoir-rouler-velo,25,Doubs,2019-03-31,0,attestations
Apprendre à nager et à circuler à vélo en toute sécurité,Nombre d’attestations « savoir rouler à vélo » délivrées,nb-attestations-savoir-rouler-velo,25,Doubs,2019-04-30,0,attestations
Apprendre à nager et à circuler à vélo en toute sécurité,Nombre d’attestations « savoir rouler à vélo » délivrées,nb-attestations-savoir-rouler-velo,25,Doubs,2020-11-30,61,attestations
Apprendre à nager et à circuler à vélo en toute sécurité,Nombre d’attestations « savoir rouler à vélo » délivrées,nb-attestations-savoir-rouler-velo,25,Doubs,2020-12-31,87,attestations
Apprendre à nager et à circuler à vélo en toute sécurité,Nombre d’attestations « savoir rouler à vélo » délivrées,nb-attestations-savoir-rouler-velo,25,Doubs,2021-01-31,87,attestations
Apprendre à nager et à circuler à vélo en toute sécurité,Nombre d’attestations « savoir rouler à vélo » délivrées,nb-attestations-savoir-rouler-velo,25,Doubs,2021-02-28,87,attestations
Apprendre à nager et à circuler à vélo en toute sécurité,Nombre d’attestations « savoir rouler à vélo » délivrées,nb-attestations-savoir-rouler-velo,25,Doubs,2021-03-31,94,attestations
Apprendre à nager et à circuler à vélo en toute sécurité,Nombre d’attestations « savoir rouler à vélo » délivrées,nb-attestations-savoir-rouler-velo,25,Doubs,2021-06-30,894,attestations
Apprendre à nager et à circuler à vélo en toute sécurité,Nombre d’attestations « savoir rouler à vélo » délivrées,nb-attestations-savoir-rouler-velo,25,Doubs,2021-09-30,988,attestations
Apprendre à nager et à circuler à vélo en toute sécurité,Nombre d'enfants ayant suivi un cycle d’Aisance Aquatique,nb-cycle-aisance-aquatique,25,Doubs,2020-12-31,0,enfants
Apprendre à nager et à circuler à vélo en toute sécurité,Nombre d'enfants ayant suivi un cycle d’Aisance Aquatique,nb-cycle-aisance-aquatique,25,Doubs,2021-10-31,0,enfants
Déployer le Pass culture,Nombre d’utilisateurs du Pass culture,nb-utilisateurs-pass-culture,25,Doubs,2019-02-28,0,utilisateurs
Déployer le Pass culture,Nombre d’utilisateurs du Pass culture,nb-utilisateurs-pass-culture,25,Doubs,2019-03-31,0,utilisateurs
Déployer le Pass culture,Nombre d’utilisateurs du Pass culture,nb-utilisateurs-pass-culture,25,Doubs,2019-04-30,0,utilisateurs
Déployer le Pass culture,Nombre d’utilisateurs du Pass culture,nb-utilisateurs-pass-culture,25,Doubs,2019-05-31,0,utilisateurs
Déployer le Pass culture,Nombre d’utilisateurs du Pass culture,nb-utilisateurs-pass-culture,25,Doubs,2019-06-30,30,utilisateurs
Déployer le Pass culture,Nombre d’utilisateurs du Pass culture,nb-utilisateurs-pass-culture,25,Doubs,2019-07-31,372,utilisateurs
Déployer le Pass culture,Nombre d’utilisateurs du Pass culture,nb-utilisateurs-pass-culture,25,Doubs,2019-08-31,438,utilisateurs
Déployer le Pass culture,Nombre d’utilisateurs du Pass culture,nb-utilisateurs-pass-culture,25,Doubs,2019-09-30,659,utilisateurs
Déployer le Pass culture,Nombre d’utilisateurs du Pass culture,nb-utilisateurs-pass-culture,25,Doubs,2019-10-31,815,utilisateurs
Déployer le Pass culture,Nombre d’utilisateurs du Pass culture,nb-utilisateurs-pass-culture,25,Doubs,2019-11-30,1025,utilisateurs
Déployer le Pass culture,Nombre d’utilisateurs du Pass culture,nb-utilisateurs-pass-culture,25,Doubs,2019-12-31,1369,utilisateurs
Déployer le Pass culture,Nombre d’utilisateurs du Pass culture,nb-utilisateurs-pass-culture,25,Doubs,2020-01-31,1544,utilisateurs
Déployer le Pass culture,Nombre d’utilisateurs du Pass culture,nb-utilisateurs-pass-culture,25,Doubs,2020-02-29,1834,utilisateurs
Déployer le Pass culture,Nombre d’utilisateurs du Pass culture,nb-utilisateurs-pass-culture,25,Doubs,2020-03-31,2037,utilisateurs
Déployer le Pass culture,Nombre d’utilisateurs du Pass culture,nb-utilisateurs-pass-culture,25,Doubs,2020-04-30,2172,utilisateurs
Déployer le Pass culture,Nombre d’utilisateurs du Pass culture,nb-utilisateurs-pass-culture,25,Doubs,2020-05-31,2318,utilisateurs
Déployer le Pass culture,Nombre d’utilisateurs du Pass culture,nb-utilisateurs-pass-culture,25,Doubs,2020-06-30,2585,utilisateurs
Déployer le Pass culture,Nombre d’utilisateurs du Pass culture,nb-utilisateurs-pass-culture,25,Doubs,2020-07-31,2913,utilisateurs
Déployer le Pass culture,Nombre d’utilisateurs du Pass culture,nb-utilisateurs-pass-culture,25,Doubs,2020-08-31,3259,utilisateurs
Déployer le Pass culture,Nombre d’utilisateurs du Pass culture,nb-utilisateurs-pass-culture,25,Doubs,2020-09-30,3855,utilisateurs
Déployer le Pass culture,Nombre d’utilisateurs du Pass culture,nb-utilisateurs-pass-culture,25,Doubs,2020-10-31,4475,utilisateurs
Déployer le Pass culture,Nombre d’utilisateurs du Pass culture,nb-utilisateurs-pass-culture,25,Doubs,2020-11-30,4747,utilisateurs
Déployer le Pass culture,Nombre d’utilisateurs du Pass culture,nb-utilisateurs-pass-culture,25,Doubs,2020-12-31,5202,utilisateurs
Déployer le Pass culture,Nombre d’utilisateurs du Pass culture,nb-utilisateurs-pass-culture,25,Doubs,2021-01-31,5655,utilisateurs
Déployer le Pass culture,Nombre d’utilisateurs du Pass culture,nb-utilisateurs-pass-culture,25,Doubs,2021-02-28,6005,utilisateurs
Déployer le Pass culture,Nombre d’utilisateurs du Pass culture,nb-utilisateurs-pass-culture,25,Doubs,2021-03-31,6351,utilisateurs
Déployer le Pass culture,Nombre d’utilisateurs du Pass culture,nb-utilisateurs-pass-culture,25,Doubs,2021-04-30,6759,utilisateurs
Déployer le Pass culture,Nombre d’utilisateurs du Pass culture,nb-utilisateurs-pass-culture,25,Doubs,2021-05-31,8548,utilisateurs
Déployer le Pass culture,Nombre d’utilisateurs du Pass culture,nb-utilisateurs-pass-culture,25,Doubs,2021-06-30,9359,utilisateurs
Déployer le Pass culture,Nombre d’utilisateurs du Pass culture,nb-utilisateurs-pass-culture,25,Doubs,2021-07-31,9788,utilisateurs
Déployer le Pass culture,Nombre d’utilisateurs du Pass culture,nb-utilisateurs-pass-culture,25,Doubs,2021-08-31,10156,utilisateurs
Déployer le Pass culture,Nombre d’utilisateurs du Pass culture,nb-utilisateurs-pass-culture,25,Doubs,2021-09-30,10523,utilisateurs
Déployer le Pass culture,Nombre d’utilisateurs du Pass culture,nb-utilisateurs-pass-culture,25,Doubs,2021-10-31,10787,utilisateurs
Déployer le Pass culture,Nombre d’utilisateurs du Pass culture,nb-utilisateurs-pass-culture,25,Doubs,2021-11-30,11183,utilisateurs
