mesure,indicateur,id_indicateur,code_departement,libelle_departement,date,valeur,unite
Apprendre à nager et à circuler à vélo en toute sécurité,Nombre d’attestations « savoir rouler à vélo » délivrées,nb-attestations-savoir-rouler-velo,2A,Corse-du-Sud,2017-12-31,0.0,attestations
Apprendre à nager et à circuler à vélo en toute sécurité,Nombre d’attestations « savoir rouler à vélo » délivrées,nb-attestations-savoir-rouler-velo,2A,Corse-du-Sud,2018-12-31,0.0,attestations
Apprendre à nager et à circuler à vélo en toute sécurité,Nombre d’attestations « savoir rouler à vélo » délivrées,nb-attestations-savoir-rouler-velo,2A,Corse-du-Sud,2019-03-31,0.0,attestations
Apprendre à nager et à circuler à vélo en toute sécurité,Nombre d’attestations « savoir rouler à vélo » délivrées,nb-attestations-savoir-rouler-velo,2A,Corse-du-Sud,2019-04-30,95.0,attestations
Apprendre à nager et à circuler à vélo en toute sécurité,Nombre d’attestations « savoir rouler à vélo » délivrées,nb-attestations-savoir-rouler-velo,2A,Corse-du-Sud,2020-11-30,95.0,attestations
Apprendre à nager et à circuler à vélo en toute sécurité,Nombre d’attestations « savoir rouler à vélo » délivrées,nb-attestations-savoir-rouler-velo,2A,Corse-du-Sud,2020-12-31,95.0,attestations
Apprendre à nager et à circuler à vélo en toute sécurité,Nombre d’attestations « savoir rouler à vélo » délivrées,nb-attestations-savoir-rouler-velo,2A,Corse-du-Sud,2021-01-31,95.0,attestations
Apprendre à nager et à circuler à vélo en toute sécurité,Nombre d’attestations « savoir rouler à vélo » délivrées,nb-attestations-savoir-rouler-velo,2A,Corse-du-Sud,2021-02-28,95.0,attestations
Apprendre à nager et à circuler à vélo en toute sécurité,Nombre d’attestations « savoir rouler à vélo » délivrées,nb-attestations-savoir-rouler-velo,2A,Corse-du-Sud,2021-03-31,148.0,attestations
Apprendre à nager et à circuler à vélo en toute sécurité,Nombre d’attestations « savoir rouler à vélo » délivrées,nb-attestations-savoir-rouler-velo,2A,Corse-du-Sud,2021-06-30,148.0,attestations
Apprendre à nager et à circuler à vélo en toute sécurité,Nombre d’attestations « savoir rouler à vélo » délivrées,nb-attestations-savoir-rouler-velo,2A,Corse-du-Sud,2021-09-30,148.0,attestations
Apprendre à nager et à circuler à vélo en toute sécurité,Nombre d'enfants ayant suivi un cycle d’Aisance Aquatique,nb-cycle-aisance-aquatique,2A,Corse-du-Sud,2020-12-31,0.0,enfants
Apprendre à nager et à circuler à vélo en toute sécurité,Nombre d'enfants ayant suivi un cycle d’Aisance Aquatique,nb-cycle-aisance-aquatique,2A,Corse-du-Sud,2021-10-31,0.0,enfants
Déployer le Pass culture,Nombre d’utilisateurs du Pass culture,nb-utilisateurs-pass-culture,2A,Corse-du-Sud,2019-02-28,0.0,utilisateurs
Déployer le Pass culture,Nombre d’utilisateurs du Pass culture,nb-utilisateurs-pass-culture,2A,Corse-du-Sud,2019-03-31,0.0,utilisateurs
Déployer le Pass culture,Nombre d’utilisateurs du Pass culture,nb-utilisateurs-pass-culture,2A,Corse-du-Sud,2019-04-30,0.0,utilisateurs
Déployer le Pass culture,Nombre d’utilisateurs du Pass culture,nb-utilisateurs-pass-culture,2A,Corse-du-Sud,2019-05-31,0.0,utilisateurs
Déployer le Pass culture,Nombre d’utilisateurs du Pass culture,nb-utilisateurs-pass-culture,2A,Corse-du-Sud,2019-06-30,0.0,utilisateurs
Déployer le Pass culture,Nombre d’utilisateurs du Pass culture,nb-utilisateurs-pass-culture,2A,Corse-du-Sud,2019-07-31,0.0,utilisateurs
Déployer le Pass culture,Nombre d’utilisateurs du Pass culture,nb-utilisateurs-pass-culture,2A,Corse-du-Sud,2019-08-31,0.0,utilisateurs
Déployer le Pass culture,Nombre d’utilisateurs du Pass culture,nb-utilisateurs-pass-culture,2A,Corse-du-Sud,2019-09-30,0.0,utilisateurs
Déployer le Pass culture,Nombre d’utilisateurs du Pass culture,nb-utilisateurs-pass-culture,2A,Corse-du-Sud,2019-10-31,0.0,utilisateurs
Déployer le Pass culture,Nombre d’utilisateurs du Pass culture,nb-utilisateurs-pass-culture,2A,Corse-du-Sud,2019-11-30,0.0,utilisateurs
Déployer le Pass culture,Nombre d’utilisateurs du Pass culture,nb-utilisateurs-pass-culture,2A,Corse-du-Sud,2019-12-31,0.0,utilisateurs
Déployer le Pass culture,Nombre d’utilisateurs du Pass culture,nb-utilisateurs-pass-culture,2A,Corse-du-Sud,2020-01-31,0.0,utilisateurs
Déployer le Pass culture,Nombre d’utilisateurs du Pass culture,nb-utilisateurs-pass-culture,2A,Corse-du-Sud,2020-02-29,0.0,utilisateurs
Déployer le Pass culture,Nombre d’utilisateurs du Pass culture,nb-utilisateurs-pass-culture,2A,Corse-du-Sud,2020-03-31,0.0,utilisateurs
Déployer le Pass culture,Nombre d’utilisateurs du Pass culture,nb-utilisateurs-pass-culture,2A,Corse-du-Sud,2020-04-30,0.0,utilisateurs
Déployer le Pass culture,Nombre d’utilisateurs du Pass culture,nb-utilisateurs-pass-culture,2A,Corse-du-Sud,2020-05-31,0.0,utilisateurs
Déployer le Pass culture,Nombre d’utilisateurs du Pass culture,nb-utilisateurs-pass-culture,2A,Corse-du-Sud,2020-06-30,0.0,utilisateurs
Déployer le Pass culture,Nombre d’utilisateurs du Pass culture,nb-utilisateurs-pass-culture,2A,Corse-du-Sud,2020-07-31,0.0,utilisateurs
Déployer le Pass culture,Nombre d’utilisateurs du Pass culture,nb-utilisateurs-pass-culture,2A,Corse-du-Sud,2020-08-31,0.0,utilisateurs
Déployer le Pass culture,Nombre d’utilisateurs du Pass culture,nb-utilisateurs-pass-culture,2A,Corse-du-Sud,2020-09-30,0.0,utilisateurs
Déployer le Pass culture,Nombre d’utilisateurs du Pass culture,nb-utilisateurs-pass-culture,2A,Corse-du-Sud,2020-10-31,0.0,utilisateurs
Déployer le Pass culture,Nombre d’utilisateurs du Pass culture,nb-utilisateurs-pass-culture,2A,Corse-du-Sud,2020-11-30,0.0,utilisateurs
Déployer le Pass culture,Nombre d’utilisateurs du Pass culture,nb-utilisateurs-pass-culture,2A,Corse-du-Sud,2020-12-31,0.0,utilisateurs
Déployer le Pass culture,Nombre d’utilisateurs du Pass culture,nb-utilisateurs-pass-culture,2A,Corse-du-Sud,2021-01-31,0.0,utilisateurs
Déployer le Pass culture,Nombre d’utilisateurs du Pass culture,nb-utilisateurs-pass-culture,2A,Corse-du-Sud,2021-02-28,0.0,utilisateurs
Déployer le Pass culture,Nombre d’utilisateurs du Pass culture,nb-utilisateurs-pass-culture,2A,Corse-du-Sud,2021-03-31,0.0,utilisateurs
Déployer le Pass culture,Nombre d’utilisateurs du Pass culture,nb-utilisateurs-pass-culture,2A,Corse-du-Sud,2021-04-30,0.0,utilisateurs
Déployer le Pass culture,Nombre d’utilisateurs du Pass culture,nb-utilisateurs-pass-culture,2A,Corse-du-Sud,2021-05-31,720.0,utilisateurs
Déployer le Pass culture,Nombre d’utilisateurs du Pass culture,nb-utilisateurs-pass-culture,2A,Corse-du-Sud,2021-06-30,986.0,utilisateurs
Déployer le Pass culture,Nombre d’utilisateurs du Pass culture,nb-utilisateurs-pass-culture,2A,Corse-du-Sud,2021-07-31,1092.0,utilisateurs
Déployer le Pass culture,Nombre d’utilisateurs du Pass culture,nb-utilisateurs-pass-culture,2A,Corse-du-Sud,2021-08-31,1168.0,utilisateurs
Déployer le Pass culture,Nombre d’utilisateurs du Pass culture,nb-utilisateurs-pass-culture,2A,Corse-du-Sud,2021-09-30,1225.0,utilisateurs
Déployer le Pass culture,Nombre d’utilisateurs du Pass culture,nb-utilisateurs-pass-culture,2A,Corse-du-Sud,2021-10-31,1287.0,utilisateurs
Déployer le Pass culture,Nombre d’utilisateurs du Pass culture,nb-utilisateurs-pass-culture,2A,Corse-du-Sud,2021-11-30,1324.0,utilisateurs
