mesure,indicateur,id_indicateur,code_departement,libelle_departement,date,valeur,unite
Déployer le Pass culture,Nombre d’utilisateurs du Pass culture,nb-utilisateurs-pass-culture,68,Haut-Rhin,2019-09-30,2.0,utilisateurs
Déployer le Pass culture,Nombre d’utilisateurs du Pass culture,nb-utilisateurs-pass-culture,68,Haut-Rhin,2019-10-31,3.0,utilisateurs
Déployer le Pass culture,Nombre d’utilisateurs du Pass culture,nb-utilisateurs-pass-culture,68,Haut-Rhin,2019-11-30,4.0,utilisateurs
Déployer le Pass culture,Nombre d’utilisateurs du Pass culture,nb-utilisateurs-pass-culture,68,Haut-Rhin,2019-12-31,5.0,utilisateurs
Déployer le Pass culture,Nombre d’utilisateurs du Pass culture,nb-utilisateurs-pass-culture,68,Haut-Rhin,2020-01-31,5.0,utilisateurs
Déployer le Pass culture,Nombre d’utilisateurs du Pass culture,nb-utilisateurs-pass-culture,68,Haut-Rhin,2020-02-29,12.0,utilisateurs
Déployer le Pass culture,Nombre d’utilisateurs du Pass culture,nb-utilisateurs-pass-culture,68,Haut-Rhin,2020-03-31,12.0,utilisateurs
Déployer le Pass culture,Nombre d’utilisateurs du Pass culture,nb-utilisateurs-pass-culture,68,Haut-Rhin,2020-04-30,12.0,utilisateurs
Déployer le Pass culture,Nombre d’utilisateurs du Pass culture,nb-utilisateurs-pass-culture,68,Haut-Rhin,2020-05-31,12.0,utilisateurs
Déployer le Pass culture,Nombre d’utilisateurs du Pass culture,nb-utilisateurs-pass-culture,68,Haut-Rhin,2020-06-30,12.0,utilisateurs
Déployer le Pass culture,Nombre d’utilisateurs du Pass culture,nb-utilisateurs-pass-culture,68,Haut-Rhin,2020-07-31,13.0,utilisateurs
Déployer le Pass culture,Nombre d’utilisateurs du Pass culture,nb-utilisateurs-pass-culture,68,Haut-Rhin,2020-08-31,14.0,utilisateurs
Déployer le Pass culture,Nombre d’utilisateurs du Pass culture,nb-utilisateurs-pass-culture,68,Haut-Rhin,2020-09-30,14.0,utilisateurs
Déployer le Pass culture,Nombre d’utilisateurs du Pass culture,nb-utilisateurs-pass-culture,68,Haut-Rhin,2020-10-31,14.0,utilisateurs
Déployer le Pass culture,Nombre d’utilisateurs du Pass culture,nb-utilisateurs-pass-culture,68,Haut-Rhin,2020-11-30,14.0,utilisateurs
Déployer le Pass culture,Nombre d’utilisateurs du Pass culture,nb-utilisateurs-pass-culture,68,Haut-Rhin,2020-12-31,14.0,utilisateurs
Déployer le Pass culture,Nombre d’utilisateurs du Pass culture,nb-utilisateurs-pass-culture,68,Haut-Rhin,2021-01-31,14.0,utilisateurs
Déployer le Pass culture,Nombre d’utilisateurs du Pass culture,nb-utilisateurs-pass-culture,68,Haut-Rhin,2021-02-28,14.0,utilisateurs
Déployer le Pass culture,Nombre d’utilisateurs du Pass culture,nb-utilisateurs-pass-culture,68,Haut-Rhin,2021-03-31,14.0,utilisateurs
Déployer le Pass culture,Nombre d’utilisateurs du Pass culture,nb-utilisateurs-pass-culture,68,Haut-Rhin,2021-04-30,14.0,utilisateurs
Déployer le Pass culture,Nombre d’utilisateurs du Pass culture,nb-utilisateurs-pass-culture,68,Haut-Rhin,2021-05-31,3304.0,utilisateurs
Déployer le Pass culture,Nombre d’utilisateurs du Pass culture,nb-utilisateurs-pass-culture,68,Haut-Rhin,2021-06-30,4163.0,utilisateurs
Apprendre à nager et à circuler à vélo en toute sécurité,Nombre d’attestations « savoir rouler à vélo » délivrées,nb-attestations-savoir-rouler-velo,68,Haut-Rhin,2017-12-31,0.0,attestations
Apprendre à nager et à circuler à vélo en toute sécurité,Nombre d’attestations « savoir rouler à vélo » délivrées,nb-attestations-savoir-rouler-velo,68,Haut-Rhin,2018-12-31,0.0,attestations
Apprendre à nager et à circuler à vélo en toute sécurité,Nombre d’attestations « savoir rouler à vélo » délivrées,nb-attestations-savoir-rouler-velo,68,Haut-Rhin,2019-03-31,0.0,attestations
Apprendre à nager et à circuler à vélo en toute sécurité,Nombre d’attestations « savoir rouler à vélo » délivrées,nb-attestations-savoir-rouler-velo,68,Haut-Rhin,2019-04-30,0.0,attestations
Apprendre à nager et à circuler à vélo en toute sécurité,Nombre d’attestations « savoir rouler à vélo » délivrées,nb-attestations-savoir-rouler-velo,68,Haut-Rhin,2020-11-30,0.0,attestations
Apprendre à nager et à circuler à vélo en toute sécurité,Nombre d’attestations « savoir rouler à vélo » délivrées,nb-attestations-savoir-rouler-velo,68,Haut-Rhin,2020-12-31,0.0,attestations
Apprendre à nager et à circuler à vélo en toute sécurité,Nombre d’attestations « savoir rouler à vélo » délivrées,nb-attestations-savoir-rouler-velo,68,Haut-Rhin,2021-01-31,0.0,attestations
Apprendre à nager et à circuler à vélo en toute sécurité,Nombre d’attestations « savoir rouler à vélo » délivrées,nb-attestations-savoir-rouler-velo,68,Haut-Rhin,2021-02-28,0.0,attestations
Apprendre à nager et à circuler à vélo en toute sécurité,Nombre d’attestations « savoir rouler à vélo » délivrées,nb-attestations-savoir-rouler-velo,68,Haut-Rhin,2021-03-31,0.0,attestations
Apprendre à nager et à circuler à vélo en toute sécurité,Nombre d’attestations « savoir rouler à vélo » délivrées,nb-attestations-savoir-rouler-velo,68,Haut-Rhin,2021-06-30,205.0,attestations
Apprendre à nager et à circuler à vélo en toute sécurité,Nombre d'enfants ayant suivi un cycle d’Aisance Aquatique,nb-cycle-aisance-aquatique,68,Haut-Rhin,2020-12-31,36.0,enfants
