mesure,indicateur,id_indicateur,code_departement,libelle_departement,date,valeur,unite
Apprendre à nager et à circuler à vélo en toute sécurité,Nombre d'enfants ayant suivi un cycle d’Aisance Aquatique,nb-cycle-aisance-aquatique,82,Tarn-et-Garonne,2020-12-31,0.0,enfants
Apprendre à nager et à circuler à vélo en toute sécurité,Nombre d'enfants ayant suivi un cycle d’Aisance Aquatique,nb-cycle-aisance-aquatique,82,Tarn-et-Garonne,2021-10-31,7.0,enfants
Apprendre à nager et à circuler à vélo en toute sécurité,Nombre d'enfants ayant suivi un cycle d’Aisance Aquatique,nb-cycle-aisance-aquatique,82,Tarn-et-Garonne,2021-12-31,7.0,enfants
Apprendre à nager et à circuler à vélo en toute sécurité,Nombre d'enfants ayant suivi un cycle d’Aisance Aquatique,nb-cycle-aisance-aquatique,82,Tarn-et-Garonne,2022-12-31,114.0,enfants
Apprendre à nager et à circuler à vélo en toute sécurité,Nombre d’attestations « savoir rouler à vélo » délivrées,nb-attestations-savoir-rouler-velo,82,Tarn-et-Garonne,2019-03-31,0.0,attestations
Apprendre à nager et à circuler à vélo en toute sécurité,Nombre d’attestations « savoir rouler à vélo » délivrées,nb-attestations-savoir-rouler-velo,82,Tarn-et-Garonne,2019-04-30,0.0,attestations
Apprendre à nager et à circuler à vélo en toute sécurité,Nombre d’attestations « savoir rouler à vélo » délivrées,nb-attestations-savoir-rouler-velo,82,Tarn-et-Garonne,2020-11-30,0.0,attestations
Apprendre à nager et à circuler à vélo en toute sécurité,Nombre d’attestations « savoir rouler à vélo » délivrées,nb-attestations-savoir-rouler-velo,82,Tarn-et-Garonne,2020-12-31,11.0,attestations
Apprendre à nager et à circuler à vélo en toute sécurité,Nombre d’attestations « savoir rouler à vélo » délivrées,nb-attestations-savoir-rouler-velo,82,Tarn-et-Garonne,2021-01-31,11.0,attestations
Apprendre à nager et à circuler à vélo en toute sécurité,Nombre d’attestations « savoir rouler à vélo » délivrées,nb-attestations-savoir-rouler-velo,82,Tarn-et-Garonne,2021-02-28,11.0,attestations
Apprendre à nager et à circuler à vélo en toute sécurité,Nombre d’attestations « savoir rouler à vélo » délivrées,nb-attestations-savoir-rouler-velo,82,Tarn-et-Garonne,2021-03-31,35.0,attestations
Apprendre à nager et à circuler à vélo en toute sécurité,Nombre d’attestations « savoir rouler à vélo » délivrées,nb-attestations-savoir-rouler-velo,82,Tarn-et-Garonne,2021-06-30,370.0,attestations
Apprendre à nager et à circuler à vélo en toute sécurité,Nombre d’attestations « savoir rouler à vélo » délivrées,nb-attestations-savoir-rouler-velo,82,Tarn-et-Garonne,2021-09-30,524.0,attestations
Apprendre à nager et à circuler à vélo en toute sécurité,Nombre d’attestations « savoir rouler à vélo » délivrées,nb-attestations-savoir-rouler-velo,82,Tarn-et-Garonne,2021-12-31,575.0,attestations
Apprendre à nager et à circuler à vélo en toute sécurité,Nombre d’attestations « savoir rouler à vélo » délivrées,nb-attestations-savoir-rouler-velo,82,Tarn-et-Garonne,2022-03-31,577.0,attestations
Apprendre à nager et à circuler à vélo en toute sécurité,Nombre d’attestations « savoir rouler à vélo » délivrées,nb-attestations-savoir-rouler-velo,82,Tarn-et-Garonne,2022-06-30,745.0,attestations
Apprendre à nager et à circuler à vélo en toute sécurité,Nombre d’attestations « savoir rouler à vélo » délivrées,nb-attestations-savoir-rouler-velo,82,Tarn-et-Garonne,2022-09-30,856.0,attestations
Apprendre à nager et à circuler à vélo en toute sécurité,Nombre d’attestations « savoir rouler à vélo » délivrées,nb-attestations-savoir-rouler-velo,82,Tarn-et-Garonne,2022-12-31,856.0,attestations
Déployer le pass Culture,Nombre d’utilisateurs du pass Culture de 18 ans,nb-utilisateurs-pass-culture,82,Tarn-et-Garonne,2019-02-28,0.0,utilisateurs
Déployer le pass Culture,Nombre d’utilisateurs du pass Culture de 18 ans,nb-utilisateurs-pass-culture,82,Tarn-et-Garonne,2019-03-31,0.0,utilisateurs
Déployer le pass Culture,Nombre d’utilisateurs du pass Culture de 18 ans,nb-utilisateurs-pass-culture,82,Tarn-et-Garonne,2019-04-30,0.0,utilisateurs
Déployer le pass Culture,Nombre d’utilisateurs du pass Culture de 18 ans,nb-utilisateurs-pass-culture,82,Tarn-et-Garonne,2019-05-31,0.0,utilisateurs
Déployer le pass Culture,Nombre d’utilisateurs du pass Culture de 18 ans,nb-utilisateurs-pass-culture,82,Tarn-et-Garonne,2019-06-30,0.0,utilisateurs
Déployer le pass Culture,Nombre d’utilisateurs du pass Culture de 18 ans,nb-utilisateurs-pass-culture,82,Tarn-et-Garonne,2019-07-31,0.0,utilisateurs
Déployer le pass Culture,Nombre d’utilisateurs du pass Culture de 18 ans,nb-utilisateurs-pass-culture,82,Tarn-et-Garonne,2019-08-31,0.0,utilisateurs
Déployer le pass Culture,Nombre d’utilisateurs du pass Culture de 18 ans,nb-utilisateurs-pass-culture,82,Tarn-et-Garonne,2019-09-30,0.0,utilisateurs
Déployer le pass Culture,Nombre d’utilisateurs du pass Culture de 18 ans,nb-utilisateurs-pass-culture,82,Tarn-et-Garonne,2019-10-31,0.0,utilisateurs
Déployer le pass Culture,Nombre d’utilisateurs du pass Culture de 18 ans,nb-utilisateurs-pass-culture,82,Tarn-et-Garonne,2019-11-30,0.0,utilisateurs
Déployer le pass Culture,Nombre d’utilisateurs du pass Culture de 18 ans,nb-utilisateurs-pass-culture,82,Tarn-et-Garonne,2019-12-31,0.0,utilisateurs
Déployer le pass Culture,Nombre d’utilisateurs du pass Culture de 18 ans,nb-utilisateurs-pass-culture,82,Tarn-et-Garonne,2020-01-31,0.0,utilisateurs
Déployer le pass Culture,Nombre d’utilisateurs du pass Culture de 18 ans,nb-utilisateurs-pass-culture,82,Tarn-et-Garonne,2020-02-29,0.0,utilisateurs
Déployer le pass Culture,Nombre d’utilisateurs du pass Culture de 18 ans,nb-utilisateurs-pass-culture,82,Tarn-et-Garonne,2020-03-31,0.0,utilisateurs
Déployer le pass Culture,Nombre d’utilisateurs du pass Culture de 18 ans,nb-utilisateurs-pass-culture,82,Tarn-et-Garonne,2020-04-30,0.0,utilisateurs
Déployer le pass Culture,Nombre d’utilisateurs du pass Culture de 18 ans,nb-utilisateurs-pass-culture,82,Tarn-et-Garonne,2020-05-31,0.0,utilisateurs
Déployer le pass Culture,Nombre d’utilisateurs du pass Culture de 18 ans,nb-utilisateurs-pass-culture,82,Tarn-et-Garonne,2020-06-30,0.0,utilisateurs
Déployer le pass Culture,Nombre d’utilisateurs du pass Culture de 18 ans,nb-utilisateurs-pass-culture,82,Tarn-et-Garonne,2020-07-31,0.0,utilisateurs
Déployer le pass Culture,Nombre d’utilisateurs du pass Culture de 18 ans,nb-utilisateurs-pass-culture,82,Tarn-et-Garonne,2020-08-31,0.0,utilisateurs
Déployer le pass Culture,Nombre d’utilisateurs du pass Culture de 18 ans,nb-utilisateurs-pass-culture,82,Tarn-et-Garonne,2020-09-30,0.0,utilisateurs
Déployer le pass Culture,Nombre d’utilisateurs du pass Culture de 18 ans,nb-utilisateurs-pass-culture,82,Tarn-et-Garonne,2020-10-31,0.0,utilisateurs
Déployer le pass Culture,Nombre d’utilisateurs du pass Culture de 18 ans,nb-utilisateurs-pass-culture,82,Tarn-et-Garonne,2020-11-30,0.0,utilisateurs
Déployer le pass Culture,Nombre d’utilisateurs du pass Culture de 18 ans,nb-utilisateurs-pass-culture,82,Tarn-et-Garonne,2020-12-31,0.0,utilisateurs
Déployer le pass Culture,Nombre d’utilisateurs du pass Culture de 18 ans,nb-utilisateurs-pass-culture,82,Tarn-et-Garonne,2021-01-31,0.0,utilisateurs
Déployer le pass Culture,Nombre d’utilisateurs du pass Culture de 18 ans,nb-utilisateurs-pass-culture,82,Tarn-et-Garonne,2021-02-28,0.0,utilisateurs
Déployer le pass Culture,Nombre d’utilisateurs du pass Culture de 18 ans,nb-utilisateurs-pass-culture,82,Tarn-et-Garonne,2021-03-31,0.0,utilisateurs
Déployer le pass Culture,Nombre d’utilisateurs du pass Culture de 18 ans,nb-utilisateurs-pass-culture,82,Tarn-et-Garonne,2021-04-30,0.0,utilisateurs
Déployer le pass Culture,Nombre d’utilisateurs du pass Culture de 18 ans,nb-utilisateurs-pass-culture,82,Tarn-et-Garonne,2021-05-31,1358.0,utilisateurs
Déployer le pass Culture,Nombre d’utilisateurs du pass Culture de 18 ans,nb-utilisateurs-pass-culture,82,Tarn-et-Garonne,2021-06-30,1811.0,utilisateurs
Déployer le pass Culture,Nombre d’utilisateurs du pass Culture de 18 ans,nb-utilisateurs-pass-culture,82,Tarn-et-Garonne,2021-07-31,2035.0,utilisateurs
Déployer le pass Culture,Nombre d’utilisateurs du pass Culture de 18 ans,nb-utilisateurs-pass-culture,82,Tarn-et-Garonne,2021-08-31,2186.0,utilisateurs
Déployer le pass Culture,Nombre d’utilisateurs du pass Culture de 18 ans,nb-utilisateurs-pass-culture,82,Tarn-et-Garonne,2021-09-30,2324.0,utilisateurs
Déployer le pass Culture,Nombre d’utilisateurs du pass Culture de 18 ans,nb-utilisateurs-pass-culture,82,Tarn-et-Garonne,2021-10-31,2409.0,utilisateurs
Déployer le pass Culture,Nombre d’utilisateurs du pass Culture de 18 ans,nb-utilisateurs-pass-culture,82,Tarn-et-Garonne,2021-11-30,2532.0,utilisateurs
Déployer le pass Culture,Nombre d’utilisateurs du pass Culture de 18 ans,nb-utilisateurs-pass-culture,82,Tarn-et-Garonne,2021-12-31,2718.0,utilisateurs
Déployer le pass Culture,Nombre d’utilisateurs du pass Culture de 18 ans,nb-utilisateurs-pass-culture,82,Tarn-et-Garonne,2022-01-31,2889.0,utilisateurs
Déployer le pass Culture,Nombre d’utilisateurs du pass Culture de 18 ans,nb-utilisateurs-pass-culture,82,Tarn-et-Garonne,2022-02-28,3123.0,utilisateurs
Déployer le pass Culture,Nombre d’utilisateurs du pass Culture de 18 ans,nb-utilisateurs-pass-culture,82,Tarn-et-Garonne,2022-03-31,3326.0,utilisateurs
Déployer le pass Culture,Nombre d’utilisateurs du pass Culture de 18 ans,nb-utilisateurs-pass-culture,82,Tarn-et-Garonne,2022-04-30,3510.0,utilisateurs
Déployer le pass Culture,Nombre d’utilisateurs du pass Culture de 18 ans,nb-utilisateurs-pass-culture,82,Tarn-et-Garonne,2022-05-31,3758.0,utilisateurs
Déployer le pass Culture,Nombre d’utilisateurs du pass Culture de 18 ans,nb-utilisateurs-pass-culture,82,Tarn-et-Garonne,2022-06-30,3945.0,utilisateurs
Déployer le pass Culture,Nombre d’utilisateurs du pass Culture de 18 ans,nb-utilisateurs-pass-culture,82,Tarn-et-Garonne,2022-07-31,4137.0,utilisateurs
Déployer le pass Culture,Nombre d’utilisateurs du pass Culture de 18 ans,nb-utilisateurs-pass-culture,82,Tarn-et-Garonne,2022-08-31,4398.0,utilisateurs
Déployer le pass Culture,Nombre d’utilisateurs du pass Culture de 18 ans,nb-utilisateurs-pass-culture,82,Tarn-et-Garonne,2022-09-30,4600.0,utilisateurs
Déployer le pass Culture,Nombre d’utilisateurs du pass Culture de 18 ans,nb-utilisateurs-pass-culture,82,Tarn-et-Garonne,2022-10-31,4813.0,utilisateurs
Déployer le pass Culture,Nombre d’utilisateurs du pass Culture de 18 ans,nb-utilisateurs-pass-culture,82,Tarn-et-Garonne,2022-11-30,5011.0,utilisateurs
Déployer le pass Culture,Nombre d’utilisateurs du pass Culture de 18 ans,nb-utilisateurs-pass-culture,82,Tarn-et-Garonne,2022-12-31,5223.0,utilisateurs
