mesure,indicateur,id_indicateur,code_departement,libelle_departement,date,valeur,unite
Apprendre à nager et à circuler à vélo en toute sécurité,Nombre d’attestations « savoir rouler à vélo » délivrées,nb-attestations-savoir-rouler-velo,70,Haute-Saône,2019-03-31,0,attestations
Apprendre à nager et à circuler à vélo en toute sécurité,Nombre d’attestations « savoir rouler à vélo » délivrées,nb-attestations-savoir-rouler-velo,70,Haute-Saône,2019-04-30,0,attestations
Apprendre à nager et à circuler à vélo en toute sécurité,Nombre d’attestations « savoir rouler à vélo » délivrées,nb-attestations-savoir-rouler-velo,70,Haute-Saône,2020-11-30,0,attestations
Apprendre à nager et à circuler à vélo en toute sécurité,Nombre d’attestations « savoir rouler à vélo » délivrées,nb-attestations-savoir-rouler-velo,70,Haute-Saône,2020-12-31,0,attestations
Apprendre à nager et à circuler à vélo en toute sécurité,Nombre d’attestations « savoir rouler à vélo » délivrées,nb-attestations-savoir-rouler-velo,70,Haute-Saône,2021-01-31,0,attestations
Apprendre à nager et à circuler à vélo en toute sécurité,Nombre d’attestations « savoir rouler à vélo » délivrées,nb-attestations-savoir-rouler-velo,70,Haute-Saône,2021-02-28,0,attestations
Apprendre à nager et à circuler à vélo en toute sécurité,Nombre d’attestations « savoir rouler à vélo » délivrées,nb-attestations-savoir-rouler-velo,70,Haute-Saône,2021-03-31,15,attestations
Apprendre à nager et à circuler à vélo en toute sécurité,Nombre d’attestations « savoir rouler à vélo » délivrées,nb-attestations-savoir-rouler-velo,70,Haute-Saône,2021-06-30,21,attestations
Apprendre à nager et à circuler à vélo en toute sécurité,Nombre d’attestations « savoir rouler à vélo » délivrées,nb-attestations-savoir-rouler-velo,70,Haute-Saône,2021-09-30,144,attestations
Apprendre à nager et à circuler à vélo en toute sécurité,Nombre d’attestations « savoir rouler à vélo » délivrées,nb-attestations-savoir-rouler-velo,70,Haute-Saône,2021-12-31,222,attestations
Apprendre à nager et à circuler à vélo en toute sécurité,Nombre d'enfants ayant suivi un cycle d’Aisance Aquatique,nb-cycle-aisance-aquatique,70,Haute-Saône,2020-12-31,0,enfants
Apprendre à nager et à circuler à vélo en toute sécurité,Nombre d'enfants ayant suivi un cycle d’Aisance Aquatique,nb-cycle-aisance-aquatique,70,Haute-Saône,2021-10-31,12,enfants
Apprendre à nager et à circuler à vélo en toute sécurité,Nombre d'enfants ayant suivi un cycle d’Aisance Aquatique,nb-cycle-aisance-aquatique,70,Haute-Saône,2021-12-31,12,enfants
Déployer le pass Culture,Nombre d’utilisateurs du pass Culture de 18 ans,nb-utilisateurs-pass-culture,70,Haute-Saône,2019-02-28,0,utilisateurs
Déployer le pass Culture,Nombre d’utilisateurs du pass Culture de 18 ans,nb-utilisateurs-pass-culture,70,Haute-Saône,2019-03-31,0,utilisateurs
Déployer le pass Culture,Nombre d’utilisateurs du pass Culture de 18 ans,nb-utilisateurs-pass-culture,70,Haute-Saône,2019-04-30,0,utilisateurs
Déployer le pass Culture,Nombre d’utilisateurs du pass Culture de 18 ans,nb-utilisateurs-pass-culture,70,Haute-Saône,2019-05-31,0,utilisateurs
Déployer le pass Culture,Nombre d’utilisateurs du pass Culture de 18 ans,nb-utilisateurs-pass-culture,70,Haute-Saône,2019-06-30,0,utilisateurs
Déployer le pass Culture,Nombre d’utilisateurs du pass Culture de 18 ans,nb-utilisateurs-pass-culture,70,Haute-Saône,2019-07-31,0,utilisateurs
Déployer le pass Culture,Nombre d’utilisateurs du pass Culture de 18 ans,nb-utilisateurs-pass-culture,70,Haute-Saône,2019-08-31,0,utilisateurs
Déployer le pass Culture,Nombre d’utilisateurs du pass Culture de 18 ans,nb-utilisateurs-pass-culture,70,Haute-Saône,2019-09-30,0,utilisateurs
Déployer le pass Culture,Nombre d’utilisateurs du pass Culture de 18 ans,nb-utilisateurs-pass-culture,70,Haute-Saône,2019-10-31,0,utilisateurs
Déployer le pass Culture,Nombre d’utilisateurs du pass Culture de 18 ans,nb-utilisateurs-pass-culture,70,Haute-Saône,2019-11-30,0,utilisateurs
Déployer le pass Culture,Nombre d’utilisateurs du pass Culture de 18 ans,nb-utilisateurs-pass-culture,70,Haute-Saône,2019-12-31,1,utilisateurs
Déployer le pass Culture,Nombre d’utilisateurs du pass Culture de 18 ans,nb-utilisateurs-pass-culture,70,Haute-Saône,2020-01-31,1,utilisateurs
Déployer le pass Culture,Nombre d’utilisateurs du pass Culture de 18 ans,nb-utilisateurs-pass-culture,70,Haute-Saône,2020-02-29,2,utilisateurs
Déployer le pass Culture,Nombre d’utilisateurs du pass Culture de 18 ans,nb-utilisateurs-pass-culture,70,Haute-Saône,2020-03-31,2,utilisateurs
Déployer le pass Culture,Nombre d’utilisateurs du pass Culture de 18 ans,nb-utilisateurs-pass-culture,70,Haute-Saône,2020-04-30,2,utilisateurs
Déployer le pass Culture,Nombre d’utilisateurs du pass Culture de 18 ans,nb-utilisateurs-pass-culture,70,Haute-Saône,2020-05-31,2,utilisateurs
Déployer le pass Culture,Nombre d’utilisateurs du pass Culture de 18 ans,nb-utilisateurs-pass-culture,70,Haute-Saône,2020-06-30,2,utilisateurs
Déployer le pass Culture,Nombre d’utilisateurs du pass Culture de 18 ans,nb-utilisateurs-pass-culture,70,Haute-Saône,2020-07-31,2,utilisateurs
Déployer le pass Culture,Nombre d’utilisateurs du pass Culture de 18 ans,nb-utilisateurs-pass-culture,70,Haute-Saône,2020-08-31,2,utilisateurs
Déployer le pass Culture,Nombre d’utilisateurs du pass Culture de 18 ans,nb-utilisateurs-pass-culture,70,Haute-Saône,2020-09-30,2,utilisateurs
Déployer le pass Culture,Nombre d’utilisateurs du pass Culture de 18 ans,nb-utilisateurs-pass-culture,70,Haute-Saône,2020-10-31,2,utilisateurs
Déployer le pass Culture,Nombre d’utilisateurs du pass Culture de 18 ans,nb-utilisateurs-pass-culture,70,Haute-Saône,2020-11-30,2,utilisateurs
Déployer le pass Culture,Nombre d’utilisateurs du pass Culture de 18 ans,nb-utilisateurs-pass-culture,70,Haute-Saône,2020-12-31,2,utilisateurs
Déployer le pass Culture,Nombre d’utilisateurs du pass Culture de 18 ans,nb-utilisateurs-pass-culture,70,Haute-Saône,2021-01-31,2,utilisateurs
Déployer le pass Culture,Nombre d’utilisateurs du pass Culture de 18 ans,nb-utilisateurs-pass-culture,70,Haute-Saône,2021-02-28,2,utilisateurs
Déployer le pass Culture,Nombre d’utilisateurs du pass Culture de 18 ans,nb-utilisateurs-pass-culture,70,Haute-Saône,2021-03-31,2,utilisateurs
Déployer le pass Culture,Nombre d’utilisateurs du pass Culture de 18 ans,nb-utilisateurs-pass-culture,70,Haute-Saône,2021-04-30,2,utilisateurs
Déployer le pass Culture,Nombre d’utilisateurs du pass Culture de 18 ans,nb-utilisateurs-pass-culture,70,Haute-Saône,2021-05-31,902,utilisateurs
Déployer le pass Culture,Nombre d’utilisateurs du pass Culture de 18 ans,nb-utilisateurs-pass-culture,70,Haute-Saône,2021-06-30,1244,utilisateurs
Déployer le pass Culture,Nombre d’utilisateurs du pass Culture de 18 ans,nb-utilisateurs-pass-culture,70,Haute-Saône,2021-07-31,1424,utilisateurs
Déployer le pass Culture,Nombre d’utilisateurs du pass Culture de 18 ans,nb-utilisateurs-pass-culture,70,Haute-Saône,2021-08-31,1548,utilisateurs
Déployer le pass Culture,Nombre d’utilisateurs du pass Culture de 18 ans,nb-utilisateurs-pass-culture,70,Haute-Saône,2021-09-30,1650,utilisateurs
Déployer le pass Culture,Nombre d’utilisateurs du pass Culture de 18 ans,nb-utilisateurs-pass-culture,70,Haute-Saône,2021-10-31,1712,utilisateurs
Déployer le pass Culture,Nombre d’utilisateurs du pass Culture de 18 ans,nb-utilisateurs-pass-culture,70,Haute-Saône,2021-11-30,1811,utilisateurs
Déployer le pass Culture,Nombre d’utilisateurs du pass Culture de 18 ans,nb-utilisateurs-pass-culture,70,Haute-Saône,2021-12-31,1907,utilisateurs
Déployer le pass Culture,Nombre d’utilisateurs du pass Culture de 18 ans,nb-utilisateurs-pass-culture,70,Haute-Saône,2022-01-31,2047,utilisateurs
Déployer le pass Culture,Nombre d’utilisateurs du pass Culture de 18 ans,nb-utilisateurs-pass-culture,70,Haute-Saône,2022-02-28,2181,utilisateurs
