mesure,indicateur,id_indicateur,code_departement,libelle_departement,date,valeur,unite
Apprendre à nager et à circuler à vélo en toute sécurité,Nombre d'enfants ayant suivi un cycle d’Aisance Aquatique,nb-cycle-aisance-aquatique,73,Savoie,2020-12-31,0.0,enfants
Apprendre à nager et à circuler à vélo en toute sécurité,Nombre d'enfants ayant suivi un cycle d’Aisance Aquatique,nb-cycle-aisance-aquatique,73,Savoie,2021-10-31,0.0,enfants
Apprendre à nager et à circuler à vélo en toute sécurité,Nombre d'enfants ayant suivi un cycle d’Aisance Aquatique,nb-cycle-aisance-aquatique,73,Savoie,2021-12-31,0.0,enfants
Apprendre à nager et à circuler à vélo en toute sécurité,Nombre d'enfants ayant suivi un cycle d’Aisance Aquatique,nb-cycle-aisance-aquatique,73,Savoie,2022-12-31,14.0,enfants
Apprendre à nager et à circuler à vélo en toute sécurité,Nombre d’attestations « savoir rouler à vélo » délivrées,nb-attestations-savoir-rouler-velo,73,Savoie,2019-03-31,0.0,attestations
Apprendre à nager et à circuler à vélo en toute sécurité,Nombre d’attestations « savoir rouler à vélo » délivrées,nb-attestations-savoir-rouler-velo,73,Savoie,2019-04-30,12.0,attestations
Apprendre à nager et à circuler à vélo en toute sécurité,Nombre d’attestations « savoir rouler à vélo » délivrées,nb-attestations-savoir-rouler-velo,73,Savoie,2020-11-30,12.0,attestations
Apprendre à nager et à circuler à vélo en toute sécurité,Nombre d’attestations « savoir rouler à vélo » délivrées,nb-attestations-savoir-rouler-velo,73,Savoie,2020-12-31,12.0,attestations
Apprendre à nager et à circuler à vélo en toute sécurité,Nombre d’attestations « savoir rouler à vélo » délivrées,nb-attestations-savoir-rouler-velo,73,Savoie,2021-01-31,12.0,attestations
Apprendre à nager et à circuler à vélo en toute sécurité,Nombre d’attestations « savoir rouler à vélo » délivrées,nb-attestations-savoir-rouler-velo,73,Savoie,2021-02-28,12.0,attestations
Apprendre à nager et à circuler à vélo en toute sécurité,Nombre d’attestations « savoir rouler à vélo » délivrées,nb-attestations-savoir-rouler-velo,73,Savoie,2021-03-31,24.0,attestations
Apprendre à nager et à circuler à vélo en toute sécurité,Nombre d’attestations « savoir rouler à vélo » délivrées,nb-attestations-savoir-rouler-velo,73,Savoie,2021-06-30,192.0,attestations
Apprendre à nager et à circuler à vélo en toute sécurité,Nombre d’attestations « savoir rouler à vélo » délivrées,nb-attestations-savoir-rouler-velo,73,Savoie,2021-09-30,412.0,attestations
Apprendre à nager et à circuler à vélo en toute sécurité,Nombre d’attestations « savoir rouler à vélo » délivrées,nb-attestations-savoir-rouler-velo,73,Savoie,2021-12-31,471.0,attestations
Apprendre à nager et à circuler à vélo en toute sécurité,Nombre d’attestations « savoir rouler à vélo » délivrées,nb-attestations-savoir-rouler-velo,73,Savoie,2022-03-31,518.0,attestations
Apprendre à nager et à circuler à vélo en toute sécurité,Nombre d’attestations « savoir rouler à vélo » délivrées,nb-attestations-savoir-rouler-velo,73,Savoie,2022-06-30,1171.0,attestations
Apprendre à nager et à circuler à vélo en toute sécurité,Nombre d’attestations « savoir rouler à vélo » délivrées,nb-attestations-savoir-rouler-velo,73,Savoie,2022-09-30,1275.0,attestations
Apprendre à nager et à circuler à vélo en toute sécurité,Nombre d’attestations « savoir rouler à vélo » délivrées,nb-attestations-savoir-rouler-velo,73,Savoie,2022-12-31,1308.0,attestations
Déployer le pass Culture,Nombre d’utilisateurs du pass Culture de 18 ans,nb-utilisateurs-pass-culture,73,Savoie,2019-02-28,0.0,utilisateurs
Déployer le pass Culture,Nombre d’utilisateurs du pass Culture de 18 ans,nb-utilisateurs-pass-culture,73,Savoie,2019-03-31,0.0,utilisateurs
Déployer le pass Culture,Nombre d’utilisateurs du pass Culture de 18 ans,nb-utilisateurs-pass-culture,73,Savoie,2019-04-30,0.0,utilisateurs
Déployer le pass Culture,Nombre d’utilisateurs du pass Culture de 18 ans,nb-utilisateurs-pass-culture,73,Savoie,2019-05-31,0.0,utilisateurs
Déployer le pass Culture,Nombre d’utilisateurs du pass Culture de 18 ans,nb-utilisateurs-pass-culture,73,Savoie,2019-06-30,0.0,utilisateurs
Déployer le pass Culture,Nombre d’utilisateurs du pass Culture de 18 ans,nb-utilisateurs-pass-culture,73,Savoie,2019-07-31,0.0,utilisateurs
Déployer le pass Culture,Nombre d’utilisateurs du pass Culture de 18 ans,nb-utilisateurs-pass-culture,73,Savoie,2019-08-31,0.0,utilisateurs
Déployer le pass Culture,Nombre d’utilisateurs du pass Culture de 18 ans,nb-utilisateurs-pass-culture,73,Savoie,2019-09-30,0.0,utilisateurs
Déployer le pass Culture,Nombre d’utilisateurs du pass Culture de 18 ans,nb-utilisateurs-pass-culture,73,Savoie,2019-10-31,0.0,utilisateurs
Déployer le pass Culture,Nombre d’utilisateurs du pass Culture de 18 ans,nb-utilisateurs-pass-culture,73,Savoie,2019-11-30,0.0,utilisateurs
Déployer le pass Culture,Nombre d’utilisateurs du pass Culture de 18 ans,nb-utilisateurs-pass-culture,73,Savoie,2019-12-31,0.0,utilisateurs
Déployer le pass Culture,Nombre d’utilisateurs du pass Culture de 18 ans,nb-utilisateurs-pass-culture,73,Savoie,2020-01-31,0.0,utilisateurs
Déployer le pass Culture,Nombre d’utilisateurs du pass Culture de 18 ans,nb-utilisateurs-pass-culture,73,Savoie,2020-02-29,0.0,utilisateurs
Déployer le pass Culture,Nombre d’utilisateurs du pass Culture de 18 ans,nb-utilisateurs-pass-culture,73,Savoie,2020-03-31,0.0,utilisateurs
Déployer le pass Culture,Nombre d’utilisateurs du pass Culture de 18 ans,nb-utilisateurs-pass-culture,73,Savoie,2020-04-30,0.0,utilisateurs
Déployer le pass Culture,Nombre d’utilisateurs du pass Culture de 18 ans,nb-utilisateurs-pass-culture,73,Savoie,2020-05-31,0.0,utilisateurs
Déployer le pass Culture,Nombre d’utilisateurs du pass Culture de 18 ans,nb-utilisateurs-pass-culture,73,Savoie,2020-06-30,0.0,utilisateurs
Déployer le pass Culture,Nombre d’utilisateurs du pass Culture de 18 ans,nb-utilisateurs-pass-culture,73,Savoie,2020-07-31,0.0,utilisateurs
Déployer le pass Culture,Nombre d’utilisateurs du pass Culture de 18 ans,nb-utilisateurs-pass-culture,73,Savoie,2020-08-31,0.0,utilisateurs
Déployer le pass Culture,Nombre d’utilisateurs du pass Culture de 18 ans,nb-utilisateurs-pass-culture,73,Savoie,2020-09-30,0.0,utilisateurs
Déployer le pass Culture,Nombre d’utilisateurs du pass Culture de 18 ans,nb-utilisateurs-pass-culture,73,Savoie,2020-10-31,0.0,utilisateurs
Déployer le pass Culture,Nombre d’utilisateurs du pass Culture de 18 ans,nb-utilisateurs-pass-culture,73,Savoie,2020-11-30,0.0,utilisateurs
Déployer le pass Culture,Nombre d’utilisateurs du pass Culture de 18 ans,nb-utilisateurs-pass-culture,73,Savoie,2020-12-31,0.0,utilisateurs
Déployer le pass Culture,Nombre d’utilisateurs du pass Culture de 18 ans,nb-utilisateurs-pass-culture,73,Savoie,2021-01-31,0.0,utilisateurs
Déployer le pass Culture,Nombre d’utilisateurs du pass Culture de 18 ans,nb-utilisateurs-pass-culture,73,Savoie,2021-02-28,0.0,utilisateurs
Déployer le pass Culture,Nombre d’utilisateurs du pass Culture de 18 ans,nb-utilisateurs-pass-culture,73,Savoie,2021-03-31,0.0,utilisateurs
Déployer le pass Culture,Nombre d’utilisateurs du pass Culture de 18 ans,nb-utilisateurs-pass-culture,73,Savoie,2021-04-30,0.0,utilisateurs
Déployer le pass Culture,Nombre d’utilisateurs du pass Culture de 18 ans,nb-utilisateurs-pass-culture,73,Savoie,2021-05-31,2070.0,utilisateurs
Déployer le pass Culture,Nombre d’utilisateurs du pass Culture de 18 ans,nb-utilisateurs-pass-culture,73,Savoie,2021-06-30,2878.0,utilisateurs
Déployer le pass Culture,Nombre d’utilisateurs du pass Culture de 18 ans,nb-utilisateurs-pass-culture,73,Savoie,2021-07-31,3213.0,utilisateurs
Déployer le pass Culture,Nombre d’utilisateurs du pass Culture de 18 ans,nb-utilisateurs-pass-culture,73,Savoie,2021-08-31,3485.0,utilisateurs
Déployer le pass Culture,Nombre d’utilisateurs du pass Culture de 18 ans,nb-utilisateurs-pass-culture,73,Savoie,2021-09-30,3701.0,utilisateurs
Déployer le pass Culture,Nombre d’utilisateurs du pass Culture de 18 ans,nb-utilisateurs-pass-culture,73,Savoie,2021-10-31,3852.0,utilisateurs
Déployer le pass Culture,Nombre d’utilisateurs du pass Culture de 18 ans,nb-utilisateurs-pass-culture,73,Savoie,2021-11-30,4076.0,utilisateurs
Déployer le pass Culture,Nombre d’utilisateurs du pass Culture de 18 ans,nb-utilisateurs-pass-culture,73,Savoie,2021-12-31,4323.0,utilisateurs
Déployer le pass Culture,Nombre d’utilisateurs du pass Culture de 18 ans,nb-utilisateurs-pass-culture,73,Savoie,2022-01-31,4608.0,utilisateurs
Déployer le pass Culture,Nombre d’utilisateurs du pass Culture de 18 ans,nb-utilisateurs-pass-culture,73,Savoie,2022-02-28,4833.0,utilisateurs
Déployer le pass Culture,Nombre d’utilisateurs du pass Culture de 18 ans,nb-utilisateurs-pass-culture,73,Savoie,2022-03-31,5270.0,utilisateurs
Déployer le pass Culture,Nombre d’utilisateurs du pass Culture de 18 ans,nb-utilisateurs-pass-culture,73,Savoie,2022-04-30,5526.0,utilisateurs
Déployer le pass Culture,Nombre d’utilisateurs du pass Culture de 18 ans,nb-utilisateurs-pass-culture,73,Savoie,2022-05-31,5866.0,utilisateurs
Déployer le pass Culture,Nombre d’utilisateurs du pass Culture de 18 ans,nb-utilisateurs-pass-culture,73,Savoie,2022-06-30,6224.0,utilisateurs
Déployer le pass Culture,Nombre d’utilisateurs du pass Culture de 18 ans,nb-utilisateurs-pass-culture,73,Savoie,2022-07-31,6537.0,utilisateurs
Déployer le pass Culture,Nombre d’utilisateurs du pass Culture de 18 ans,nb-utilisateurs-pass-culture,73,Savoie,2022-08-31,6885.0,utilisateurs
Déployer le pass Culture,Nombre d’utilisateurs du pass Culture de 18 ans,nb-utilisateurs-pass-culture,73,Savoie,2022-09-30,7251.0,utilisateurs
Déployer le pass Culture,Nombre d’utilisateurs du pass Culture de 18 ans,nb-utilisateurs-pass-culture,73,Savoie,2022-10-31,7568.0,utilisateurs
Déployer le pass Culture,Nombre d’utilisateurs du pass Culture de 18 ans,nb-utilisateurs-pass-culture,73,Savoie,2022-11-30,7871.0,utilisateurs
Déployer le pass Culture,Nombre d’utilisateurs du pass Culture de 18 ans,nb-utilisateurs-pass-culture,73,Savoie,2022-12-31,8167.0,utilisateurs
