mesure,indicateur,id_indicateur,code_departement,libelle_departement,date,valeur,unite
Apprendre à nager et à circuler à vélo en toute sécurité,Nombre d’attestations « savoir rouler à vélo » délivrées,nb-attestations-savoir-rouler-velo,93,Seine-Saint-Denis,2019-03-31,0,attestations
Apprendre à nager et à circuler à vélo en toute sécurité,Nombre d’attestations « savoir rouler à vélo » délivrées,nb-attestations-savoir-rouler-velo,93,Seine-Saint-Denis,2019-04-30,144,attestations
Apprendre à nager et à circuler à vélo en toute sécurité,Nombre d’attestations « savoir rouler à vélo » délivrées,nb-attestations-savoir-rouler-velo,93,Seine-Saint-Denis,2020-11-30,144,attestations
Apprendre à nager et à circuler à vélo en toute sécurité,Nombre d’attestations « savoir rouler à vélo » délivrées,nb-attestations-savoir-rouler-velo,93,Seine-Saint-Denis,2020-12-31,255,attestations
Apprendre à nager et à circuler à vélo en toute sécurité,Nombre d’attestations « savoir rouler à vélo » délivrées,nb-attestations-savoir-rouler-velo,93,Seine-Saint-Denis,2021-01-31,255,attestations
Apprendre à nager et à circuler à vélo en toute sécurité,Nombre d’attestations « savoir rouler à vélo » délivrées,nb-attestations-savoir-rouler-velo,93,Seine-Saint-Denis,2021-02-28,255,attestations
Apprendre à nager et à circuler à vélo en toute sécurité,Nombre d’attestations « savoir rouler à vélo » délivrées,nb-attestations-savoir-rouler-velo,93,Seine-Saint-Denis,2021-03-31,336,attestations
Apprendre à nager et à circuler à vélo en toute sécurité,Nombre d’attestations « savoir rouler à vélo » délivrées,nb-attestations-savoir-rouler-velo,93,Seine-Saint-Denis,2021-06-30,613,attestations
Apprendre à nager et à circuler à vélo en toute sécurité,Nombre d’attestations « savoir rouler à vélo » délivrées,nb-attestations-savoir-rouler-velo,93,Seine-Saint-Denis,2021-09-30,655,attestations
Apprendre à nager et à circuler à vélo en toute sécurité,Nombre d’attestations « savoir rouler à vélo » délivrées,nb-attestations-savoir-rouler-velo,93,Seine-Saint-Denis,2021-12-31,1206,attestations
Apprendre à nager et à circuler à vélo en toute sécurité,Nombre d'enfants ayant suivi un cycle d’Aisance Aquatique,nb-cycle-aisance-aquatique,93,Seine-Saint-Denis,2020-12-31,669,enfants
Apprendre à nager et à circuler à vélo en toute sécurité,Nombre d'enfants ayant suivi un cycle d’Aisance Aquatique,nb-cycle-aisance-aquatique,93,Seine-Saint-Denis,2021-10-31,1400,enfants
Apprendre à nager et à circuler à vélo en toute sécurité,Nombre d'enfants ayant suivi un cycle d’Aisance Aquatique,nb-cycle-aisance-aquatique,93,Seine-Saint-Denis,2021-12-31,1400,enfants
Déployer le pass Culture,Nombre d’utilisateurs du pass Culture de 18 ans,nb-utilisateurs-pass-culture,93,Seine-Saint-Denis,2019-02-28,1499,utilisateurs
Déployer le pass Culture,Nombre d’utilisateurs du pass Culture de 18 ans,nb-utilisateurs-pass-culture,93,Seine-Saint-Denis,2019-03-31,1501,utilisateurs
Déployer le pass Culture,Nombre d’utilisateurs du pass Culture de 18 ans,nb-utilisateurs-pass-culture,93,Seine-Saint-Denis,2019-04-30,1503,utilisateurs
Déployer le pass Culture,Nombre d’utilisateurs du pass Culture de 18 ans,nb-utilisateurs-pass-culture,93,Seine-Saint-Denis,2019-05-31,1503,utilisateurs
Déployer le pass Culture,Nombre d’utilisateurs du pass Culture de 18 ans,nb-utilisateurs-pass-culture,93,Seine-Saint-Denis,2019-06-30,1503,utilisateurs
Déployer le pass Culture,Nombre d’utilisateurs du pass Culture de 18 ans,nb-utilisateurs-pass-culture,93,Seine-Saint-Denis,2019-07-31,1829,utilisateurs
Déployer le pass Culture,Nombre d’utilisateurs du pass Culture de 18 ans,nb-utilisateurs-pass-culture,93,Seine-Saint-Denis,2019-08-31,1904,utilisateurs
Déployer le pass Culture,Nombre d’utilisateurs du pass Culture de 18 ans,nb-utilisateurs-pass-culture,93,Seine-Saint-Denis,2019-09-30,2265,utilisateurs
Déployer le pass Culture,Nombre d’utilisateurs du pass Culture de 18 ans,nb-utilisateurs-pass-culture,93,Seine-Saint-Denis,2019-10-31,2807,utilisateurs
Déployer le pass Culture,Nombre d’utilisateurs du pass Culture de 18 ans,nb-utilisateurs-pass-culture,93,Seine-Saint-Denis,2019-11-30,3631,utilisateurs
Déployer le pass Culture,Nombre d’utilisateurs du pass Culture de 18 ans,nb-utilisateurs-pass-culture,93,Seine-Saint-Denis,2019-12-31,4159,utilisateurs
Déployer le pass Culture,Nombre d’utilisateurs du pass Culture de 18 ans,nb-utilisateurs-pass-culture,93,Seine-Saint-Denis,2020-01-31,4456,utilisateurs
Déployer le pass Culture,Nombre d’utilisateurs du pass Culture de 18 ans,nb-utilisateurs-pass-culture,93,Seine-Saint-Denis,2020-02-29,5254,utilisateurs
Déployer le pass Culture,Nombre d’utilisateurs du pass Culture de 18 ans,nb-utilisateurs-pass-culture,93,Seine-Saint-Denis,2020-03-31,5773,utilisateurs
Déployer le pass Culture,Nombre d’utilisateurs du pass Culture de 18 ans,nb-utilisateurs-pass-culture,93,Seine-Saint-Denis,2020-04-30,6137,utilisateurs
Déployer le pass Culture,Nombre d’utilisateurs du pass Culture de 18 ans,nb-utilisateurs-pass-culture,93,Seine-Saint-Denis,2020-05-31,6600,utilisateurs
Déployer le pass Culture,Nombre d’utilisateurs du pass Culture de 18 ans,nb-utilisateurs-pass-culture,93,Seine-Saint-Denis,2020-06-30,7606,utilisateurs
Déployer le pass Culture,Nombre d’utilisateurs du pass Culture de 18 ans,nb-utilisateurs-pass-culture,93,Seine-Saint-Denis,2020-07-31,9425,utilisateurs
Déployer le pass Culture,Nombre d’utilisateurs du pass Culture de 18 ans,nb-utilisateurs-pass-culture,93,Seine-Saint-Denis,2020-08-31,11004,utilisateurs
Déployer le pass Culture,Nombre d’utilisateurs du pass Culture de 18 ans,nb-utilisateurs-pass-culture,93,Seine-Saint-Denis,2020-09-30,12827,utilisateurs
Déployer le pass Culture,Nombre d’utilisateurs du pass Culture de 18 ans,nb-utilisateurs-pass-culture,93,Seine-Saint-Denis,2020-10-31,14943,utilisateurs
Déployer le pass Culture,Nombre d’utilisateurs du pass Culture de 18 ans,nb-utilisateurs-pass-culture,93,Seine-Saint-Denis,2020-11-30,15930,utilisateurs
Déployer le pass Culture,Nombre d’utilisateurs du pass Culture de 18 ans,nb-utilisateurs-pass-culture,93,Seine-Saint-Denis,2020-12-31,17152,utilisateurs
Déployer le pass Culture,Nombre d’utilisateurs du pass Culture de 18 ans,nb-utilisateurs-pass-culture,93,Seine-Saint-Denis,2021-01-31,18756,utilisateurs
Déployer le pass Culture,Nombre d’utilisateurs du pass Culture de 18 ans,nb-utilisateurs-pass-culture,93,Seine-Saint-Denis,2021-02-28,19889,utilisateurs
Déployer le pass Culture,Nombre d’utilisateurs du pass Culture de 18 ans,nb-utilisateurs-pass-culture,93,Seine-Saint-Denis,2021-03-31,20970,utilisateurs
Déployer le pass Culture,Nombre d’utilisateurs du pass Culture de 18 ans,nb-utilisateurs-pass-culture,93,Seine-Saint-Denis,2021-04-30,22272,utilisateurs
Déployer le pass Culture,Nombre d’utilisateurs du pass Culture de 18 ans,nb-utilisateurs-pass-culture,93,Seine-Saint-Denis,2021-05-31,28201,utilisateurs
Déployer le pass Culture,Nombre d’utilisateurs du pass Culture de 18 ans,nb-utilisateurs-pass-culture,93,Seine-Saint-Denis,2021-06-30,30551,utilisateurs
Déployer le pass Culture,Nombre d’utilisateurs du pass Culture de 18 ans,nb-utilisateurs-pass-culture,93,Seine-Saint-Denis,2021-07-31,31783,utilisateurs
Déployer le pass Culture,Nombre d’utilisateurs du pass Culture de 18 ans,nb-utilisateurs-pass-culture,93,Seine-Saint-Denis,2021-08-31,32797,utilisateurs
Déployer le pass Culture,Nombre d’utilisateurs du pass Culture de 18 ans,nb-utilisateurs-pass-culture,93,Seine-Saint-Denis,2021-09-30,33921,utilisateurs
Déployer le pass Culture,Nombre d’utilisateurs du pass Culture de 18 ans,nb-utilisateurs-pass-culture,93,Seine-Saint-Denis,2021-10-31,34804,utilisateurs
Déployer le pass Culture,Nombre d’utilisateurs du pass Culture de 18 ans,nb-utilisateurs-pass-culture,93,Seine-Saint-Denis,2021-11-30,35907,utilisateurs
Déployer le pass Culture,Nombre d’utilisateurs du pass Culture de 18 ans,nb-utilisateurs-pass-culture,93,Seine-Saint-Denis,2021-12-31,37162,utilisateurs
Déployer le pass Culture,Nombre d’utilisateurs du pass Culture de 18 ans,nb-utilisateurs-pass-culture,93,Seine-Saint-Denis,2022-01-31,38354,utilisateurs
Déployer le pass Culture,Nombre d’utilisateurs du pass Culture de 18 ans,nb-utilisateurs-pass-culture,93,Seine-Saint-Denis,2022-02-28,39405,utilisateurs
